link,content_type,dataset_identifier,data_repository,source_section,dataset_webpage,source_url,download_link,title,id,surrounding_text,description,file_extension
http://www.ebi.ac.uk/pride/archive/,data_link,PXD053567,http://www.ebi.ac.uk/pride/archive/,data availability,https://www.ebi.ac.uk/pride/archive/projects/PXD053567,https://www.ncbi.nlm.nih.gov/pmc/articles/PMC11252349/,,,,,,
41598_2024_67079_MOESM1_ESM.zip,local-data,,,supplementary material,,https://www.ncbi.nlm.nih.gov/pmc/articles/PMC11252349/,https://pmc.ncbi.nlm.nih.gov/articles/instance/11252349/bin/41598_2024_67079_MOESM1_ESM.zip,No Title,MOESM1,Supplementary Information.,Supplementary Information.,zip
41598_2024_67079_MOESM1_ESM.zip,local-data,,,supplementary material,,https://www.ncbi.nlm.nih.gov/pmc/articles/PMC11252349/,https://pmc.ncbi.nlm.nih.gov/articles/instance/11252349/bin/41598_2024_67079_MOESM1_ESM.zip,No Title,MOESM1,Supplementary Information.,Supplementary Information.,zip
https://pmc.ncbi.nlm.nih.gov/articles/instance/11425778/bin/NIHMS2020672-supplement-SI.pdf,,,,supplementary_data,,https://www.ncbi.nlm.nih.gov/pmc/articles/PMC11425778/,,,,,,pdf
https://astrazenecagroup-dt.pharmacm.com/DT/Home,data_link,PXD052949,https://www.proteomexchange.org/,data availability,https://proteomecentral.proteomexchange.org/cgi/GetDataset?ID=PXD052949,https://www.ncbi.nlm.nih.gov/pmc/articles/PMC11320025/,,,,,,
https://www.proteomexchange.org/,data_link,PXD052949,https://www.proteomexchange.org/,data availability,https://proteomecentral.proteomexchange.org/cgi/GetDataset?ID=PXD052949,https://www.ncbi.nlm.nih.gov/pmc/articles/PMC11320025/,,,,,,
https://assays.cancer.gov/available_assays,data_link,PXD052949,https://www.proteomexchange.org/,data availability,https://proteomecentral.proteomexchange.org/cgi/GetDataset?ID=PXD052949,https://www.ncbi.nlm.nih.gov/pmc/articles/PMC11320025/,,,,,,
https://pmc.ncbi.nlm.nih.gov/articles/instance/11320025/bin/crc-24-0113_supplementary_methods_s1_suppsm1.pdf,,,,supplementary_data,,https://www.ncbi.nlm.nih.gov/pmc/articles/PMC11320025/,,,,,,
https://pmc.ncbi.nlm.nih.gov/articles/instance/11320025/bin/crc-24-0113_supplementary_validation_data_s1_suppsd1.pdf,,,,supplementary_data,,https://www.ncbi.nlm.nih.gov/pmc/articles/PMC11320025/,,,,,,
https://pmc.ncbi.nlm.nih.gov/articles/instance/11320025/bin/crc-24-0113_supplementary_validation_data_s2_suppsd2.pdf,,,,supplementary_data,,https://www.ncbi.nlm.nih.gov/pmc/articles/PMC11320025/,,,,,,
https://pmc.ncbi.nlm.nih.gov/articles/instance/11320025/bin/crc-24-0113_supplementary_figure_s1_suppsf1.pdf,,,,supplementary_data,,https://www.ncbi.nlm.nih.gov/pmc/articles/PMC11320025/,,,,,,
https://pmc.ncbi.nlm.nih.gov/articles/instance/11320025/bin/crc-24-0113_supplementary_figure_s2_suppsf2.pdf,,,,supplementary_data,,https://www.ncbi.nlm.nih.gov/pmc/articles/PMC11320025/,,,,,,
https://pmc.ncbi.nlm.nih.gov/articles/instance/11320025/bin/crc-24-0113_supplementary_figure_s3_suppsf3.pdf,,,,supplementary_data,,https://www.ncbi.nlm.nih.gov/pmc/articles/PMC11320025/,,,,,,
https://pmc.ncbi.nlm.nih.gov/articles/instance/11320025/bin/crc-24-0113_supplementary_figure_s4_suppsf4.pdf,,,,supplementary_data,,https://www.ncbi.nlm.nih.gov/pmc/articles/PMC11320025/,,,,,,
https://pmc.ncbi.nlm.nih.gov/articles/instance/11320025/bin/crc-24-0113_supplementary_table_s1_suppst1.pdf,,,,supplementary_data,,https://www.ncbi.nlm.nih.gov/pmc/articles/PMC11320025/,,,,,,
https://pmc.ncbi.nlm.nih.gov/articles/instance/11320025/bin/crc-24-0113_supplementary_table_s2_suppst2.pdf,,,,supplementary_data,,https://www.ncbi.nlm.nih.gov/pmc/articles/PMC11320025/,,,,,,
https://pmc.ncbi.nlm.nih.gov/articles/instance/11320025/bin/crc-24-0113_supplementary_table_s3_suppst3.pdf,,,,supplementary_data,,https://www.ncbi.nlm.nih.gov/pmc/articles/PMC11320025/,,,,,,
crc-24-0113_supplementary_methods_s1_suppsm1.pdf,local-data,,,supplementary material,,https://www.ncbi.nlm.nih.gov/pmc/articles/PMC11320025/,https://pmc.ncbi.nlm.nih.gov/articles/instance/11320025/bin/crc-24-0113_supplementary_methods_s1_suppsm1.pdf,No Title,No ID,"Supplementary Methods S1 
         
           Supplemental Materials and Methods concerning patient samples, cell lines, tissue culture, iMALDI-MS, Nano-LC-Orbitrap-MS, LC-MRM-MS","Supplemental Materials and Methods concerning patient samples, cell lines, tissue culture, iMALDI-MS, Nano-LC-Orbitrap-MS, LC-MRM-MS",pdf
crc-24-0113_supplementary_validation_data_s1_suppsd1.pdf,local-data,,,supplementary material,,https://www.ncbi.nlm.nih.gov/pmc/articles/PMC11320025/,https://pmc.ncbi.nlm.nih.gov/articles/instance/11320025/bin/crc-24-0113_supplementary_validation_data_s1_suppsd1.pdf,No Title,No ID,"Supplementary Validation Data S1 
         
           Supplementary Validation Data demonstrating the performance of the iMALDI-MS assay",Supplementary Validation Data demonstrating the performance of the iMALDI-MS assay,pdf
crc-24-0113_supplementary_validation_data_s2_suppsd2.pdf,local-data,,,supplementary material,,https://www.ncbi.nlm.nih.gov/pmc/articles/PMC11320025/,https://pmc.ncbi.nlm.nih.gov/articles/instance/11320025/bin/crc-24-0113_supplementary_validation_data_s2_suppsd2.pdf,No Title,No ID,"Supplementary Validation Data S2 
         
           Quality Assessment of the Global Proteomics Data",Quality Assessment of the Global Proteomics Data,pdf
crc-24-0113_supplementary_figure_s1_suppsf1.pdf,local-data,,,supplementary material,,https://www.ncbi.nlm.nih.gov/pmc/articles/PMC11320025/,https://pmc.ncbi.nlm.nih.gov/articles/instance/11320025/bin/crc-24-0113_supplementary_figure_s1_suppsf1.pdf,No Title,No ID,"Supplementary Figure S1 
         
           Individual protein concentrations measured by iMALDI-MS for each sample, comparison of measured PTEN concentration to IHC H-score","Individual protein concentrations measured by iMALDI-MS for each sample, comparison of measured PTEN concentration to IHC H-score",pdf
crc-24-0113_supplementary_figure_s2_suppsf2.pdf,local-data,,,supplementary material,,https://www.ncbi.nlm.nih.gov/pmc/articles/PMC11320025/,https://pmc.ncbi.nlm.nih.gov/articles/instance/11320025/bin/crc-24-0113_supplementary_figure_s2_suppsf2.pdf,No Title,No ID,"Supplementary Figure S2 
         
           Individual protein concentrations measured by iMALDI-MS for PTEN vs. IHC H-score",Individual protein concentrations measured by iMALDI-MS for PTEN vs. IHC H-score,pdf
crc-24-0113_supplementary_figure_s3_suppsf3.pdf,local-data,,,supplementary material,,https://www.ncbi.nlm.nih.gov/pmc/articles/PMC11320025/,https://pmc.ncbi.nlm.nih.gov/articles/instance/11320025/bin/crc-24-0113_supplementary_figure_s3_suppsf3.pdf,No Title,No ID,"Supplementary Figure S3 
         
           Comparison of iMALDI and Global Proteomics results for primary vs metastatic samples",Comparison of iMALDI and Global Proteomics results for primary vs metastatic samples,pdf
crc-24-0113_supplementary_figure_s4_suppsf4.pdf,local-data,,,supplementary material,,https://www.ncbi.nlm.nih.gov/pmc/articles/PMC11320025/,https://pmc.ncbi.nlm.nih.gov/articles/instance/11320025/bin/crc-24-0113_supplementary_figure_s4_suppsf4.pdf,No Title,No ID,"Supplementary Figure S4 
         
           Combination treatment of cell lines with capivasertib and an eIF2α inhibitor",Combination treatment of cell lines with capivasertib and an eIF2α inhibitor,pdf
crc-24-0113_supplementary_table_s1_suppst1.pdf,local-data,,,supplementary material,,https://www.ncbi.nlm.nih.gov/pmc/articles/PMC11320025/,https://pmc.ncbi.nlm.nih.gov/articles/instance/11320025/bin/crc-24-0113_supplementary_table_s1_suppst1.pdf,No Title,No ID,"Supplementary Table S1 
         
           Detailed results of the label-free quantitation",Detailed results of the label-free quantitation,pdf
crc-24-0113_supplementary_table_s2_suppst2.pdf,local-data,,,supplementary material,,https://www.ncbi.nlm.nih.gov/pmc/articles/PMC11320025/,https://pmc.ncbi.nlm.nih.gov/articles/instance/11320025/bin/crc-24-0113_supplementary_table_s2_suppst2.pdf,No Title,No ID,"Supplementary Table S2 
         
           Proteins expression differences between capivasertib-resistant vs. capivasertib-sensitive cells quantified by validated MRM-MS assays as compared to the profile observed in patient samples",Proteins expression differences between capivasertib-resistant vs. capivasertib-sensitive cells quantified by validated MRM-MS assays as compared to the profile observed in patient samples,pdf
crc-24-0113_supplementary_table_s3_suppst3.pdf,local-data,,,supplementary material,,https://www.ncbi.nlm.nih.gov/pmc/articles/PMC11320025/,https://pmc.ncbi.nlm.nih.gov/articles/instance/11320025/bin/crc-24-0113_supplementary_table_s3_suppst3.pdf,No Title,No ID,"Supplementary Table S3 
         
           Detailed results of pathway mapping by Qiagen IPA",Detailed results of pathway mapping by Qiagen IPA,pdf
crc-24-0113_supplementary_methods_s1_suppsm1.pdf,local-data,,,supplementary material,,https://www.ncbi.nlm.nih.gov/pmc/articles/PMC11320025/,https://pmc.ncbi.nlm.nih.gov/articles/instance/11320025/bin/crc-24-0113_supplementary_methods_s1_suppsm1.pdf,No Title,No ID,"Supplementary Methods S1 
         
           Supplemental Materials and Methods concerning patient samples, cell lines, tissue culture, iMALDI-MS, Nano-LC-Orbitrap-MS, LC-MRM-MS","Supplemental Materials and Methods concerning patient samples, cell lines, tissue culture, iMALDI-MS, Nano-LC-Orbitrap-MS, LC-MRM-MS",pdf
crc-24-0113_supplementary_validation_data_s1_suppsd1.pdf,local-data,,,supplementary material,,https://www.ncbi.nlm.nih.gov/pmc/articles/PMC11320025/,https://pmc.ncbi.nlm.nih.gov/articles/instance/11320025/bin/crc-24-0113_supplementary_validation_data_s1_suppsd1.pdf,No Title,No ID,"Supplementary Validation Data S1 
         
           Supplementary Validation Data demonstrating the performance of the iMALDI-MS assay",Supplementary Validation Data demonstrating the performance of the iMALDI-MS assay,pdf
crc-24-0113_supplementary_validation_data_s2_suppsd2.pdf,local-data,,,supplementary material,,https://www.ncbi.nlm.nih.gov/pmc/articles/PMC11320025/,https://pmc.ncbi.nlm.nih.gov/articles/instance/11320025/bin/crc-24-0113_supplementary_validation_data_s2_suppsd2.pdf,No Title,No ID,"Supplementary Validation Data S2 
         
           Quality Assessment of the Global Proteomics Data",Quality Assessment of the Global Proteomics Data,pdf
crc-24-0113_supplementary_figure_s1_suppsf1.pdf,local-data,,,supplementary material,,https://www.ncbi.nlm.nih.gov/pmc/articles/PMC11320025/,https://pmc.ncbi.nlm.nih.gov/articles/instance/11320025/bin/crc-24-0113_supplementary_figure_s1_suppsf1.pdf,No Title,No ID,"Supplementary Figure S1 
         
           Individual protein concentrations measured by iMALDI-MS for each sample, comparison of measured PTEN concentration to IHC H-score","Individual protein concentrations measured by iMALDI-MS for each sample, comparison of measured PTEN concentration to IHC H-score",pdf
crc-24-0113_supplementary_figure_s2_suppsf2.pdf,local-data,,,supplementary material,,https://www.ncbi.nlm.nih.gov/pmc/articles/PMC11320025/,https://pmc.ncbi.nlm.nih.gov/articles/instance/11320025/bin/crc-24-0113_supplementary_figure_s2_suppsf2.pdf,No Title,No ID,"Supplementary Figure S2 
         
           Individual protein concentrations measured by iMALDI-MS for PTEN vs. IHC H-score",Individual protein concentrations measured by iMALDI-MS for PTEN vs. IHC H-score,pdf
crc-24-0113_supplementary_figure_s3_suppsf3.pdf,local-data,,,supplementary material,,https://www.ncbi.nlm.nih.gov/pmc/articles/PMC11320025/,https://pmc.ncbi.nlm.nih.gov/articles/instance/11320025/bin/crc-24-0113_supplementary_figure_s3_suppsf3.pdf,No Title,No ID,"Supplementary Figure S3 
         
           Comparison of iMALDI and Global Proteomics results for primary vs metastatic samples",Comparison of iMALDI and Global Proteomics results for primary vs metastatic samples,pdf
crc-24-0113_supplementary_figure_s4_suppsf4.pdf,local-data,,,supplementary material,,https://www.ncbi.nlm.nih.gov/pmc/articles/PMC11320025/,https://pmc.ncbi.nlm.nih.gov/articles/instance/11320025/bin/crc-24-0113_supplementary_figure_s4_suppsf4.pdf,No Title,No ID,"Supplementary Figure S4 
         
           Combination treatment of cell lines with capivasertib and an eIF2α inhibitor",Combination treatment of cell lines with capivasertib and an eIF2α inhibitor,pdf
crc-24-0113_supplementary_table_s1_suppst1.pdf,local-data,,,supplementary material,,https://www.ncbi.nlm.nih.gov/pmc/articles/PMC11320025/,https://pmc.ncbi.nlm.nih.gov/articles/instance/11320025/bin/crc-24-0113_supplementary_table_s1_suppst1.pdf,No Title,No ID,"Supplementary Table S1 
         
           Detailed results of the label-free quantitation",Detailed results of the label-free quantitation,pdf
crc-24-0113_supplementary_table_s2_suppst2.pdf,local-data,,,supplementary material,,https://www.ncbi.nlm.nih.gov/pmc/articles/PMC11320025/,https://pmc.ncbi.nlm.nih.gov/articles/instance/11320025/bin/crc-24-0113_supplementary_table_s2_suppst2.pdf,No Title,No ID,"Supplementary Table S2 
         
           Proteins expression differences between capivasertib-resistant vs. capivasertib-sensitive cells quantified by validated MRM-MS assays as compared to the profile observed in patient samples",Proteins expression differences between capivasertib-resistant vs. capivasertib-sensitive cells quantified by validated MRM-MS assays as compared to the profile observed in patient samples,pdf
crc-24-0113_supplementary_table_s3_suppst3.pdf,local-data,,,supplementary material,,https://www.ncbi.nlm.nih.gov/pmc/articles/PMC11320025/,https://pmc.ncbi.nlm.nih.gov/articles/instance/11320025/bin/crc-24-0113_supplementary_table_s3_suppst3.pdf,No Title,No ID,"Supplementary Table S3 
         
           Detailed results of pathway mapping by Qiagen IPA",Detailed results of pathway mapping by Qiagen IPA,pdf
https://pmc.ncbi.nlm.nih.gov/articles/PMC11066909/#CIT0028,,,,data_availability,,https://www.ncbi.nlm.nih.gov/pmc/articles/PMC11066909/,,,,,,
https://pmc.ncbi.nlm.nih.gov/articles/instance/11066909/bin/noad265_suppl_supplementary_figure_s1.jpeg,,,,supplementary_data,,https://www.ncbi.nlm.nih.gov/pmc/articles/PMC11066909/,,,,,,
https://pmc.ncbi.nlm.nih.gov/articles/instance/11066909/bin/noad265_suppl_supplementary_figure_s2.jpeg,,,,supplementary_data,,https://www.ncbi.nlm.nih.gov/pmc/articles/PMC11066909/,,,,,,
https://pmc.ncbi.nlm.nih.gov/articles/instance/11066909/bin/noad265_suppl_supplementary_figure_s3.jpeg,,,,supplementary_data,,https://www.ncbi.nlm.nih.gov/pmc/articles/PMC11066909/,,,,,,
https://pmc.ncbi.nlm.nih.gov/articles/instance/11066909/bin/noad265_suppl_supplementary_figure_s4.jpeg,,,,supplementary_data,,https://www.ncbi.nlm.nih.gov/pmc/articles/PMC11066909/,,,,,,
https://pmc.ncbi.nlm.nih.gov/articles/instance/11066909/bin/noad265_suppl_supplementary_figure_s5.jpeg,,,,supplementary_data,,https://www.ncbi.nlm.nih.gov/pmc/articles/PMC11066909/,,,,,,
https://pmc.ncbi.nlm.nih.gov/articles/instance/11066909/bin/noad265_suppl_supplementary_figure_s6.jpeg,,,,supplementary_data,,https://www.ncbi.nlm.nih.gov/pmc/articles/PMC11066909/,,,,,,
https://pmc.ncbi.nlm.nih.gov/articles/instance/11066909/bin/noad265_suppl_supplementary_figure_s7.jpeg,,,,supplementary_data,,https://www.ncbi.nlm.nih.gov/pmc/articles/PMC11066909/,,,,,,
https://pmc.ncbi.nlm.nih.gov/articles/instance/11066909/bin/noad265_suppl_supplementary_figure_s8.jpeg,,,,supplementary_data,,https://www.ncbi.nlm.nih.gov/pmc/articles/PMC11066909/,,,,,,
https://pmc.ncbi.nlm.nih.gov/articles/instance/11066909/bin/noad265_suppl_supplementary_table_s1.xlsx,,,,supplementary_data,,https://www.ncbi.nlm.nih.gov/pmc/articles/PMC11066909/,,,,,,
https://pmc.ncbi.nlm.nih.gov/articles/instance/11066909/bin/noad265_suppl_supplementary_table_s2.xlsx,,,,supplementary_data,,https://www.ncbi.nlm.nih.gov/pmc/articles/PMC11066909/,,,,,,
https://pmc.ncbi.nlm.nih.gov/articles/instance/11066909/bin/noad265_suppl_supplementary_table_s3.xlsx,,,,supplementary_data,,https://www.ncbi.nlm.nih.gov/pmc/articles/PMC11066909/,,,,,,
https://pmc.ncbi.nlm.nih.gov/articles/instance/11066909/bin/noad265_suppl_supplementary_table_s4.xlsx,,,,supplementary_data,,https://www.ncbi.nlm.nih.gov/pmc/articles/PMC11066909/,,,,,,
https://pmc.ncbi.nlm.nih.gov/articles/instance/11066909/bin/noad265_suppl_supplementary_table_s5.xlsx,,,,supplementary_data,,https://www.ncbi.nlm.nih.gov/pmc/articles/PMC11066909/,,,,,,
https://pmc.ncbi.nlm.nih.gov/articles/instance/11066909/bin/noad265_suppl_supplementary_table_s6.xlsx,,,,supplementary_data,,https://www.ncbi.nlm.nih.gov/pmc/articles/PMC11066909/,,,,,,
https://pmc.ncbi.nlm.nih.gov/articles/instance/11066909/bin/noad265_suppl_supplementary_table_s7.xlsx,,,,supplementary_data,,https://www.ncbi.nlm.nih.gov/pmc/articles/PMC11066909/,,,,,,
noad265_suppl_supplementary_figure_s1.jpeg,local-data,,,supplementary material,,https://www.ncbi.nlm.nih.gov/pmc/articles/PMC11066909/,https://pmc.ncbi.nlm.nih.gov/articles/instance/11066909/bin/noad265_suppl_supplementary_figure_s1.jpeg,No Title,sup1,noad265_suppl_Supplementary_Figure_S1,No description,jpeg
noad265_suppl_supplementary_figure_s2.jpeg,local-data,,,supplementary material,,https://www.ncbi.nlm.nih.gov/pmc/articles/PMC11066909/,https://pmc.ncbi.nlm.nih.gov/articles/instance/11066909/bin/noad265_suppl_supplementary_figure_s2.jpeg,No Title,sup2,noad265_suppl_Supplementary_Figure_S2,No description,jpeg
noad265_suppl_supplementary_figure_s3.jpeg,local-data,,,supplementary material,,https://www.ncbi.nlm.nih.gov/pmc/articles/PMC11066909/,https://pmc.ncbi.nlm.nih.gov/articles/instance/11066909/bin/noad265_suppl_supplementary_figure_s3.jpeg,No Title,sup3,noad265_suppl_Supplementary_Figure_S3,No description,jpeg
noad265_suppl_supplementary_figure_s4.jpeg,local-data,,,supplementary material,,https://www.ncbi.nlm.nih.gov/pmc/articles/PMC11066909/,https://pmc.ncbi.nlm.nih.gov/articles/instance/11066909/bin/noad265_suppl_supplementary_figure_s4.jpeg,No Title,sup4,noad265_suppl_Supplementary_Figure_S4,No description,jpeg
noad265_suppl_supplementary_figure_s5.jpeg,local-data,,,supplementary material,,https://www.ncbi.nlm.nih.gov/pmc/articles/PMC11066909/,https://pmc.ncbi.nlm.nih.gov/articles/instance/11066909/bin/noad265_suppl_supplementary_figure_s5.jpeg,No Title,sup5,noad265_suppl_Supplementary_Figure_S5,No description,jpeg
noad265_suppl_supplementary_figure_s6.jpeg,local-data,,,supplementary material,,https://www.ncbi.nlm.nih.gov/pmc/articles/PMC11066909/,https://pmc.ncbi.nlm.nih.gov/articles/instance/11066909/bin/noad265_suppl_supplementary_figure_s6.jpeg,No Title,sup6,noad265_suppl_Supplementary_Figure_S6,No description,jpeg
noad265_suppl_supplementary_figure_s7.jpeg,local-data,,,supplementary material,,https://www.ncbi.nlm.nih.gov/pmc/articles/PMC11066909/,https://pmc.ncbi.nlm.nih.gov/articles/instance/11066909/bin/noad265_suppl_supplementary_figure_s7.jpeg,No Title,sup7,noad265_suppl_Supplementary_Figure_S7,No description,jpeg
noad265_suppl_supplementary_figure_s8.jpeg,local-data,,,supplementary material,,https://www.ncbi.nlm.nih.gov/pmc/articles/PMC11066909/,https://pmc.ncbi.nlm.nih.gov/articles/instance/11066909/bin/noad265_suppl_supplementary_figure_s8.jpeg,No Title,sup8,noad265_suppl_Supplementary_Figure_S8,No description,jpeg
noad265_suppl_supplementary_table_s1.xlsx,local-data,,,supplementary material,,https://www.ncbi.nlm.nih.gov/pmc/articles/PMC11066909/,https://pmc.ncbi.nlm.nih.gov/articles/instance/11066909/bin/noad265_suppl_supplementary_table_s1.xlsx,No Title,sup9,noad265_suppl_Supplementary_Table_S1,No description,xlsx
noad265_suppl_supplementary_table_s2.xlsx,local-data,,,supplementary material,,https://www.ncbi.nlm.nih.gov/pmc/articles/PMC11066909/,https://pmc.ncbi.nlm.nih.gov/articles/instance/11066909/bin/noad265_suppl_supplementary_table_s2.xlsx,No Title,sup10,noad265_suppl_Supplementary_Table_S2,No description,xlsx
noad265_suppl_supplementary_table_s3.xlsx,local-data,,,supplementary material,,https://www.ncbi.nlm.nih.gov/pmc/articles/PMC11066909/,https://pmc.ncbi.nlm.nih.gov/articles/instance/11066909/bin/noad265_suppl_supplementary_table_s3.xlsx,No Title,sup11,noad265_suppl_Supplementary_Table_S3,No description,xlsx
noad265_suppl_supplementary_table_s4.xlsx,local-data,,,supplementary material,,https://www.ncbi.nlm.nih.gov/pmc/articles/PMC11066909/,https://pmc.ncbi.nlm.nih.gov/articles/instance/11066909/bin/noad265_suppl_supplementary_table_s4.xlsx,No Title,sup12,noad265_suppl_Supplementary_Table_S4,No description,xlsx
noad265_suppl_supplementary_table_s5.xlsx,local-data,,,supplementary material,,https://www.ncbi.nlm.nih.gov/pmc/articles/PMC11066909/,https://pmc.ncbi.nlm.nih.gov/articles/instance/11066909/bin/noad265_suppl_supplementary_table_s5.xlsx,No Title,sup13,noad265_suppl_Supplementary_Table_S5,No description,xlsx
noad265_suppl_supplementary_table_s6.xlsx,local-data,,,supplementary material,,https://www.ncbi.nlm.nih.gov/pmc/articles/PMC11066909/,https://pmc.ncbi.nlm.nih.gov/articles/instance/11066909/bin/noad265_suppl_supplementary_table_s6.xlsx,No Title,sup14,noad265_suppl_Supplementary_Table_S6,No description,xlsx
noad265_suppl_supplementary_table_s7.xlsx,local-data,,,supplementary material,,https://www.ncbi.nlm.nih.gov/pmc/articles/PMC11066909/,https://pmc.ncbi.nlm.nih.gov/articles/instance/11066909/bin/noad265_suppl_supplementary_table_s7.xlsx,No Title,sup15,noad265_suppl_Supplementary_Table_S7,No description,xlsx
noad265_suppl_supplementary_figure_s1.jpeg,local-data,,,supplementary material,,https://www.ncbi.nlm.nih.gov/pmc/articles/PMC11066909/,https://pmc.ncbi.nlm.nih.gov/articles/instance/11066909/bin/noad265_suppl_supplementary_figure_s1.jpeg,No Title,sup1,noad265_suppl_Supplementary_Figure_S1,No description,jpeg
noad265_suppl_supplementary_figure_s2.jpeg,local-data,,,supplementary material,,https://www.ncbi.nlm.nih.gov/pmc/articles/PMC11066909/,https://pmc.ncbi.nlm.nih.gov/articles/instance/11066909/bin/noad265_suppl_supplementary_figure_s2.jpeg,No Title,sup2,noad265_suppl_Supplementary_Figure_S2,No description,jpeg
noad265_suppl_supplementary_figure_s3.jpeg,local-data,,,supplementary material,,https://www.ncbi.nlm.nih.gov/pmc/articles/PMC11066909/,https://pmc.ncbi.nlm.nih.gov/articles/instance/11066909/bin/noad265_suppl_supplementary_figure_s3.jpeg,No Title,sup3,noad265_suppl_Supplementary_Figure_S3,No description,jpeg
noad265_suppl_supplementary_figure_s4.jpeg,local-data,,,supplementary material,,https://www.ncbi.nlm.nih.gov/pmc/articles/PMC11066909/,https://pmc.ncbi.nlm.nih.gov/articles/instance/11066909/bin/noad265_suppl_supplementary_figure_s4.jpeg,No Title,sup4,noad265_suppl_Supplementary_Figure_S4,No description,jpeg
noad265_suppl_supplementary_figure_s5.jpeg,local-data,,,supplementary material,,https://www.ncbi.nlm.nih.gov/pmc/articles/PMC11066909/,https://pmc.ncbi.nlm.nih.gov/articles/instance/11066909/bin/noad265_suppl_supplementary_figure_s5.jpeg,No Title,sup5,noad265_suppl_Supplementary_Figure_S5,No description,jpeg
noad265_suppl_supplementary_figure_s6.jpeg,local-data,,,supplementary material,,https://www.ncbi.nlm.nih.gov/pmc/articles/PMC11066909/,https://pmc.ncbi.nlm.nih.gov/articles/instance/11066909/bin/noad265_suppl_supplementary_figure_s6.jpeg,No Title,sup6,noad265_suppl_Supplementary_Figure_S6,No description,jpeg
noad265_suppl_supplementary_figure_s7.jpeg,local-data,,,supplementary material,,https://www.ncbi.nlm.nih.gov/pmc/articles/PMC11066909/,https://pmc.ncbi.nlm.nih.gov/articles/instance/11066909/bin/noad265_suppl_supplementary_figure_s7.jpeg,No Title,sup7,noad265_suppl_Supplementary_Figure_S7,No description,jpeg
noad265_suppl_supplementary_figure_s8.jpeg,local-data,,,supplementary material,,https://www.ncbi.nlm.nih.gov/pmc/articles/PMC11066909/,https://pmc.ncbi.nlm.nih.gov/articles/instance/11066909/bin/noad265_suppl_supplementary_figure_s8.jpeg,No Title,sup8,noad265_suppl_Supplementary_Figure_S8,No description,jpeg
noad265_suppl_supplementary_table_s1.xlsx,local-data,,,supplementary material,,https://www.ncbi.nlm.nih.gov/pmc/articles/PMC11066909/,https://pmc.ncbi.nlm.nih.gov/articles/instance/11066909/bin/noad265_suppl_supplementary_table_s1.xlsx,No Title,sup9,noad265_suppl_Supplementary_Table_S1,No description,xlsx
noad265_suppl_supplementary_table_s2.xlsx,local-data,,,supplementary material,,https://www.ncbi.nlm.nih.gov/pmc/articles/PMC11066909/,https://pmc.ncbi.nlm.nih.gov/articles/instance/11066909/bin/noad265_suppl_supplementary_table_s2.xlsx,No Title,sup10,noad265_suppl_Supplementary_Table_S2,No description,xlsx
noad265_suppl_supplementary_table_s3.xlsx,local-data,,,supplementary material,,https://www.ncbi.nlm.nih.gov/pmc/articles/PMC11066909/,https://pmc.ncbi.nlm.nih.gov/articles/instance/11066909/bin/noad265_suppl_supplementary_table_s3.xlsx,No Title,sup11,noad265_suppl_Supplementary_Table_S3,No description,xlsx
noad265_suppl_supplementary_table_s4.xlsx,local-data,,,supplementary material,,https://www.ncbi.nlm.nih.gov/pmc/articles/PMC11066909/,https://pmc.ncbi.nlm.nih.gov/articles/instance/11066909/bin/noad265_suppl_supplementary_table_s4.xlsx,No Title,sup12,noad265_suppl_Supplementary_Table_S4,No description,xlsx
noad265_suppl_supplementary_table_s5.xlsx,local-data,,,supplementary material,,https://www.ncbi.nlm.nih.gov/pmc/articles/PMC11066909/,https://pmc.ncbi.nlm.nih.gov/articles/instance/11066909/bin/noad265_suppl_supplementary_table_s5.xlsx,No Title,sup13,noad265_suppl_Supplementary_Table_S5,No description,xlsx
noad265_suppl_supplementary_table_s6.xlsx,local-data,,,supplementary material,,https://www.ncbi.nlm.nih.gov/pmc/articles/PMC11066909/,https://pmc.ncbi.nlm.nih.gov/articles/instance/11066909/bin/noad265_suppl_supplementary_table_s6.xlsx,No Title,sup14,noad265_suppl_Supplementary_Table_S6,No description,xlsx
noad265_suppl_supplementary_table_s7.xlsx,local-data,,,supplementary material,,https://www.ncbi.nlm.nih.gov/pmc/articles/PMC11066909/,https://pmc.ncbi.nlm.nih.gov/articles/instance/11066909/bin/noad265_suppl_supplementary_table_s7.xlsx,No Title,sup15,noad265_suppl_Supplementary_Table_S7,No description,xlsx
https://www.ncbi.nlm.nih.gov/pmc/articles/PMC11352417/#app1-biomolecules-14-00969,data_link,JPST002506,ProteomeXchangeConsortiumviathejPOSTpartnerrepository,data availability,na,https://www.ncbi.nlm.nih.gov/pmc/articles/PMC11352417/,,,,,,
https://www.ncbi.nlm.nih.gov/pmc/articles/PMC11352417/#app1-biomolecules-14-00969,data_link,PXD049309,ProteomeXchangeConsortiumviathejPOSTpartnerrepository,data availability,na,https://www.ncbi.nlm.nih.gov/pmc/articles/PMC11352417/,,,,,,
https://pmc.ncbi.nlm.nih.gov/articles/PMC11352417/#app1-biomolecules-14-00969,,,,data_availability,,https://www.ncbi.nlm.nih.gov/pmc/articles/PMC11352417/,,,,,,
https://proteomecentral.proteomexchange.org/cgi/GetDataset?ID=PXD049309,,,,data_availability,,https://www.ncbi.nlm.nih.gov/pmc/articles/PMC11352417/,,,,,,
https://pmc.ncbi.nlm.nih.gov/articles/PMC11352417/#app1-biomolecules-14-00969,,,,data_availability,,https://www.ncbi.nlm.nih.gov/pmc/articles/PMC11352417/,,,,,,
https://proteomecentral.proteomexchange.org/cgi/GetDataset?ID=PXD049309,,,,data_availability,,https://www.ncbi.nlm.nih.gov/pmc/articles/PMC11352417/,,,,,,
https://www.mdpi.com/article/10.3390/biom14080969/s1,,,,supplementary_data,,https://www.ncbi.nlm.nih.gov/pmc/articles/PMC11352417/,,,,,,
https://pmc.ncbi.nlm.nih.gov/articles/instance/11352417/bin/biomolecules-14-00969-s001.zip,,,,supplementary_data,,https://www.ncbi.nlm.nih.gov/pmc/articles/PMC11352417/,,,,,,
biomolecules-14-00969-s001.zip,local-data,,,supplementary material,,https://www.ncbi.nlm.nih.gov/pmc/articles/PMC11352417/,https://pmc.ncbi.nlm.nih.gov/articles/instance/11352417/bin/biomolecules-14-00969-s001.zip,No Title,biomolecules-14-00969-s001,,No description,zip
https://www.proteomexchange.org/,,,,data_availability,,https://www.ncbi.nlm.nih.gov/pmc/articles/PMC10855131/,,,,,,
https://www.proteomexchange.org/,,,,data_availability,,https://www.ncbi.nlm.nih.gov/pmc/articles/PMC10855131/,,,,,,
http://proteomecentral.proteomexchange.org/cgi/GetDataset?ID=PXD042233,data_link,PXD042233,http://proteomecentral.proteomexchange.org/cgi/GetDataset?ID=PXD042233,data availability,https://proteomecentral.proteomexchange.org/cgi/GetDataset?ID=PXD042233,https://www.ncbi.nlm.nih.gov/pmc/articles/PMC11208500/,,,,,,
https://www.ncbi.nlm.nih.gov/pmc/articles/PMC11208500/#Sec26,data_link,PXD042233,http://proteomecentral.proteomexchange.org/cgi/GetDataset?ID=PXD042233,data availability,https://proteomecentral.proteomexchange.org/cgi/GetDataset?ID=PXD042233,https://www.ncbi.nlm.nih.gov/pmc/articles/PMC11208500/,,,,,,
41467_2024_48711_MOESM1_ESM.pdf,local-data,,,supplementary material,,https://www.ncbi.nlm.nih.gov/pmc/articles/PMC11208500/,https://pmc.ncbi.nlm.nih.gov/articles/instance/11208500/bin/41467_2024_48711_MOESM1_ESM.pdf,No Title,MOESM1,Supplementary Information,Supplementary Information,pdf
41467_2024_48711_MOESM2_ESM.pdf,local-data,,,supplementary material,,https://www.ncbi.nlm.nih.gov/pmc/articles/PMC11208500/,https://pmc.ncbi.nlm.nih.gov/articles/instance/11208500/bin/41467_2024_48711_MOESM2_ESM.pdf,No Title,MOESM2,Reporting Summary,Reporting Summary,pdf
41467_2024_48711_MOESM3_ESM.pdf,local-data,,,supplementary material,,https://www.ncbi.nlm.nih.gov/pmc/articles/PMC11208500/,https://pmc.ncbi.nlm.nih.gov/articles/instance/11208500/bin/41467_2024_48711_MOESM3_ESM.pdf,No Title,MOESM3,Peer Review File,Peer Review File,pdf
41467_2024_48711_MOESM4_ESM.xlsx,local-data,,,supplementary material,,https://www.ncbi.nlm.nih.gov/pmc/articles/PMC11208500/,https://pmc.ncbi.nlm.nih.gov/articles/instance/11208500/bin/41467_2024_48711_MOESM4_ESM.xlsx,No Title,MOESM4,Supplementary Data 1,Supplementary Data 1,xlsx
41467_2024_48711_MOESM5_ESM.xlsx,local-data,,,supplementary material,,https://www.ncbi.nlm.nih.gov/pmc/articles/PMC11208500/,https://pmc.ncbi.nlm.nih.gov/articles/instance/11208500/bin/41467_2024_48711_MOESM5_ESM.xlsx,No Title,MOESM5,Supplementary Data 2,Supplementary Data 2,xlsx
41467_2024_48711_MOESM6_ESM.xlsx,local-data,,,supplementary material,,https://www.ncbi.nlm.nih.gov/pmc/articles/PMC11208500/,https://pmc.ncbi.nlm.nih.gov/articles/instance/11208500/bin/41467_2024_48711_MOESM6_ESM.xlsx,No Title,MOESM6,Supplementary Data 3,Supplementary Data 3,xlsx
41467_2024_48711_MOESM7_ESM.xlsx,local-data,,,supplementary material,,https://www.ncbi.nlm.nih.gov/pmc/articles/PMC11208500/,https://pmc.ncbi.nlm.nih.gov/articles/instance/11208500/bin/41467_2024_48711_MOESM7_ESM.xlsx,No Title,MOESM7,Supplementary Data 4,Supplementary Data 4,xlsx
41467_2024_48711_MOESM8_ESM.xlsx,local-data,,,supplementary material,,https://www.ncbi.nlm.nih.gov/pmc/articles/PMC11208500/,https://pmc.ncbi.nlm.nih.gov/articles/instance/11208500/bin/41467_2024_48711_MOESM8_ESM.xlsx,No Title,MOESM8,Supplementary Data 5,Supplementary Data 5,xlsx
41467_2024_48711_MOESM9_ESM.xlsx,local-data,,,supplementary material,,https://www.ncbi.nlm.nih.gov/pmc/articles/PMC11208500/,https://pmc.ncbi.nlm.nih.gov/articles/instance/11208500/bin/41467_2024_48711_MOESM9_ESM.xlsx,No Title,MOESM9,Supplementary Data 6,Supplementary Data 6,xlsx
41467_2024_48711_MOESM10_ESM.xlsx,local-data,,,supplementary material,,https://www.ncbi.nlm.nih.gov/pmc/articles/PMC11208500/,https://pmc.ncbi.nlm.nih.gov/articles/instance/11208500/bin/41467_2024_48711_MOESM10_ESM.xlsx,No Title,MOESM10,Supplementary Data 7,Supplementary Data 7,xlsx
41467_2024_48711_MOESM11_ESM.xlsx,local-data,,,supplementary material,,https://www.ncbi.nlm.nih.gov/pmc/articles/PMC11208500/,https://pmc.ncbi.nlm.nih.gov/articles/instance/11208500/bin/41467_2024_48711_MOESM11_ESM.xlsx,No Title,MOESM11,Supplementary Data 8,Supplementary Data 8,xlsx
41467_2024_48711_MOESM12_ESM.xlsx,local-data,,,supplementary material,,https://www.ncbi.nlm.nih.gov/pmc/articles/PMC11208500/,https://pmc.ncbi.nlm.nih.gov/articles/instance/11208500/bin/41467_2024_48711_MOESM12_ESM.xlsx,No Title,MOESM12,Supplementary Data 9,Supplementary Data 9,xlsx
41467_2024_48711_MOESM13_ESM.xlsx,local-data,,,supplementary material,,https://www.ncbi.nlm.nih.gov/pmc/articles/PMC11208500/,https://pmc.ncbi.nlm.nih.gov/articles/instance/11208500/bin/41467_2024_48711_MOESM13_ESM.xlsx,No Title,MOESM13,Supplementary Data 10,Supplementary Data 10,xlsx
41467_2024_48711_MOESM14_ESM.xlsx,local-data,,,supplementary material,,https://www.ncbi.nlm.nih.gov/pmc/articles/PMC11208500/,https://pmc.ncbi.nlm.nih.gov/articles/instance/11208500/bin/41467_2024_48711_MOESM14_ESM.xlsx,No Title,MOESM14,Supplementary Data 11,Supplementary Data 11,xlsx
41467_2024_48711_MOESM15_ESM.xlsx,local-data,,,supplementary material,,https://www.ncbi.nlm.nih.gov/pmc/articles/PMC11208500/,https://pmc.ncbi.nlm.nih.gov/articles/instance/11208500/bin/41467_2024_48711_MOESM15_ESM.xlsx,No Title,MOESM15,Supplementary Data 12,Supplementary Data 12,xlsx
41467_2024_48711_MOESM16_ESM.xlsx,local-data,,,supplementary material,,https://www.ncbi.nlm.nih.gov/pmc/articles/PMC11208500/,https://pmc.ncbi.nlm.nih.gov/articles/instance/11208500/bin/41467_2024_48711_MOESM16_ESM.xlsx,No Title,MOESM16,Supplementary Data 13,Supplementary Data 13,xlsx
41467_2024_48711_MOESM17_ESM.xlsx,local-data,,,supplementary material,,https://www.ncbi.nlm.nih.gov/pmc/articles/PMC11208500/,https://pmc.ncbi.nlm.nih.gov/articles/instance/11208500/bin/41467_2024_48711_MOESM17_ESM.xlsx,No Title,MOESM17,Supplementary Data 14,Supplementary Data 14,xlsx
41467_2024_48711_MOESM18_ESM.xlsx,local-data,,,supplementary material,,https://www.ncbi.nlm.nih.gov/pmc/articles/PMC11208500/,https://pmc.ncbi.nlm.nih.gov/articles/instance/11208500/bin/41467_2024_48711_MOESM18_ESM.xlsx,No Title,MOESM18,Source Data,Source Data,xlsx
41467_2024_48711_MOESM1_ESM.pdf,local-data,,,supplementary material,,https://www.ncbi.nlm.nih.gov/pmc/articles/PMC11208500/,https://pmc.ncbi.nlm.nih.gov/articles/instance/11208500/bin/41467_2024_48711_MOESM1_ESM.pdf,No Title,MOESM1,Supplementary Information,Supplementary Information,pdf
41467_2024_48711_MOESM2_ESM.pdf,local-data,,,supplementary material,,https://www.ncbi.nlm.nih.gov/pmc/articles/PMC11208500/,https://pmc.ncbi.nlm.nih.gov/articles/instance/11208500/bin/41467_2024_48711_MOESM2_ESM.pdf,No Title,MOESM2,Reporting Summary,Reporting Summary,pdf
41467_2024_48711_MOESM3_ESM.pdf,local-data,,,supplementary material,,https://www.ncbi.nlm.nih.gov/pmc/articles/PMC11208500/,https://pmc.ncbi.nlm.nih.gov/articles/instance/11208500/bin/41467_2024_48711_MOESM3_ESM.pdf,No Title,MOESM3,Peer Review File,Peer Review File,pdf
41467_2024_48711_MOESM4_ESM.xlsx,local-data,,,supplementary material,,https://www.ncbi.nlm.nih.gov/pmc/articles/PMC11208500/,https://pmc.ncbi.nlm.nih.gov/articles/instance/11208500/bin/41467_2024_48711_MOESM4_ESM.xlsx,No Title,MOESM4,Supplementary Data 1,Supplementary Data 1,xlsx
41467_2024_48711_MOESM5_ESM.xlsx,local-data,,,supplementary material,,https://www.ncbi.nlm.nih.gov/pmc/articles/PMC11208500/,https://pmc.ncbi.nlm.nih.gov/articles/instance/11208500/bin/41467_2024_48711_MOESM5_ESM.xlsx,No Title,MOESM5,Supplementary Data 2,Supplementary Data 2,xlsx
41467_2024_48711_MOESM6_ESM.xlsx,local-data,,,supplementary material,,https://www.ncbi.nlm.nih.gov/pmc/articles/PMC11208500/,https://pmc.ncbi.nlm.nih.gov/articles/instance/11208500/bin/41467_2024_48711_MOESM6_ESM.xlsx,No Title,MOESM6,Supplementary Data 3,Supplementary Data 3,xlsx
41467_2024_48711_MOESM7_ESM.xlsx,local-data,,,supplementary material,,https://www.ncbi.nlm.nih.gov/pmc/articles/PMC11208500/,https://pmc.ncbi.nlm.nih.gov/articles/instance/11208500/bin/41467_2024_48711_MOESM7_ESM.xlsx,No Title,MOESM7,Supplementary Data 4,Supplementary Data 4,xlsx
41467_2024_48711_MOESM8_ESM.xlsx,local-data,,,supplementary material,,https://www.ncbi.nlm.nih.gov/pmc/articles/PMC11208500/,https://pmc.ncbi.nlm.nih.gov/articles/instance/11208500/bin/41467_2024_48711_MOESM8_ESM.xlsx,No Title,MOESM8,Supplementary Data 5,Supplementary Data 5,xlsx
41467_2024_48711_MOESM9_ESM.xlsx,local-data,,,supplementary material,,https://www.ncbi.nlm.nih.gov/pmc/articles/PMC11208500/,https://pmc.ncbi.nlm.nih.gov/articles/instance/11208500/bin/41467_2024_48711_MOESM9_ESM.xlsx,No Title,MOESM9,Supplementary Data 6,Supplementary Data 6,xlsx
41467_2024_48711_MOESM10_ESM.xlsx,local-data,,,supplementary material,,https://www.ncbi.nlm.nih.gov/pmc/articles/PMC11208500/,https://pmc.ncbi.nlm.nih.gov/articles/instance/11208500/bin/41467_2024_48711_MOESM10_ESM.xlsx,No Title,MOESM10,Supplementary Data 7,Supplementary Data 7,xlsx
41467_2024_48711_MOESM11_ESM.xlsx,local-data,,,supplementary material,,https://www.ncbi.nlm.nih.gov/pmc/articles/PMC11208500/,https://pmc.ncbi.nlm.nih.gov/articles/instance/11208500/bin/41467_2024_48711_MOESM11_ESM.xlsx,No Title,MOESM11,Supplementary Data 8,Supplementary Data 8,xlsx
41467_2024_48711_MOESM12_ESM.xlsx,local-data,,,supplementary material,,https://www.ncbi.nlm.nih.gov/pmc/articles/PMC11208500/,https://pmc.ncbi.nlm.nih.gov/articles/instance/11208500/bin/41467_2024_48711_MOESM12_ESM.xlsx,No Title,MOESM12,Supplementary Data 9,Supplementary Data 9,xlsx
41467_2024_48711_MOESM13_ESM.xlsx,local-data,,,supplementary material,,https://www.ncbi.nlm.nih.gov/pmc/articles/PMC11208500/,https://pmc.ncbi.nlm.nih.gov/articles/instance/11208500/bin/41467_2024_48711_MOESM13_ESM.xlsx,No Title,MOESM13,Supplementary Data 10,Supplementary Data 10,xlsx
41467_2024_48711_MOESM14_ESM.xlsx,local-data,,,supplementary material,,https://www.ncbi.nlm.nih.gov/pmc/articles/PMC11208500/,https://pmc.ncbi.nlm.nih.gov/articles/instance/11208500/bin/41467_2024_48711_MOESM14_ESM.xlsx,No Title,MOESM14,Supplementary Data 11,Supplementary Data 11,xlsx
41467_2024_48711_MOESM15_ESM.xlsx,local-data,,,supplementary material,,https://www.ncbi.nlm.nih.gov/pmc/articles/PMC11208500/,https://pmc.ncbi.nlm.nih.gov/articles/instance/11208500/bin/41467_2024_48711_MOESM15_ESM.xlsx,No Title,MOESM15,Supplementary Data 12,Supplementary Data 12,xlsx
41467_2024_48711_MOESM16_ESM.xlsx,local-data,,,supplementary material,,https://www.ncbi.nlm.nih.gov/pmc/articles/PMC11208500/,https://pmc.ncbi.nlm.nih.gov/articles/instance/11208500/bin/41467_2024_48711_MOESM16_ESM.xlsx,No Title,MOESM16,Supplementary Data 13,Supplementary Data 13,xlsx
41467_2024_48711_MOESM17_ESM.xlsx,local-data,,,supplementary material,,https://www.ncbi.nlm.nih.gov/pmc/articles/PMC11208500/,https://pmc.ncbi.nlm.nih.gov/articles/instance/11208500/bin/41467_2024_48711_MOESM17_ESM.xlsx,No Title,MOESM17,Supplementary Data 14,Supplementary Data 14,xlsx
41467_2024_48711_MOESM18_ESM.xlsx,local-data,,,supplementary material,,https://www.ncbi.nlm.nih.gov/pmc/articles/PMC11208500/,https://pmc.ncbi.nlm.nih.gov/articles/instance/11208500/bin/41467_2024_48711_MOESM18_ESM.xlsx,No Title,MOESM18,Source Data,Source Data,xlsx
https://pdc.cancer.gov/pdc/,data_link,PDC IDs,https://pdc.cancer.gov/pdc/,data availability,na,https://www.ncbi.nlm.nih.gov/pmc/articles/PMC11129317/,,,,,,
https://www.ncbi.nlm.nih.gov/pmc/articles/PMC11129317/#sec4.1,data_link,PDC IDs,https://pdc.cancer.gov/pdc/,data availability,na,https://www.ncbi.nlm.nih.gov/pmc/articles/PMC11129317/,,,,,,
https://www.ncbi.nlm.nih.gov/pmc/articles/PMC11129317/#sec4.1,data_link,PDC IDs,https://pdc.cancer.gov/pdc/,data availability,na,https://www.ncbi.nlm.nih.gov/pmc/articles/PMC11129317/,,,,,,
https://www.ncbi.nlm.nih.gov/pmc/articles/PMC11129317/#sec4.1,data_link,DOI listed in the key resources table,MendeleyData,data availability,na,https://www.ncbi.nlm.nih.gov/pmc/articles/PMC11129317/,,,,,,
https://www.ncbi.nlm.nih.gov/pmc/articles/PMC11129317/#sec4.2.1,data_link,Not applicable,Notapplicable,data availability,na,https://www.ncbi.nlm.nih.gov/pmc/articles/PMC11129317/,,,,,,
mmc1.pdf,local-data,,,supplementary material,,https://www.ncbi.nlm.nih.gov/pmc/articles/PMC11129317/,https://pmc.ncbi.nlm.nih.gov/articles/instance/11129317/bin/mmc1.pdf,Document S1. Figures S1–S6,mmc1,Document S1. Figures S1–S6,No description,pdf
mmc2.zip,local-data,,,supplementary material,,https://www.ncbi.nlm.nih.gov/pmc/articles/PMC11129317/,https://pmc.ncbi.nlm.nih.gov/articles/instance/11129317/bin/mmc2.zip,File S1. Detailed Philosopher parameters for substitutant library scanning,mmc2,File S1. Detailed Philosopher parameters for substitutant library scanning,No description,zip
mmc3.xlsx,local-data,,,supplementary material,,https://www.ncbi.nlm.nih.gov/pmc/articles/PMC11129317/,https://pmc.ncbi.nlm.nih.gov/articles/instance/11129317/bin/mmc3.xlsx,"Table S1. Identified arginine to all other amino acid substitution peptides in different cancers, related to Figure 1",mmc3,"Table S1. Identified arginine to all other amino acid substitution peptides in different cancers, related to Figure 1",No description,xlsx
mmc4.xlsx,local-data,,,supplementary material,,https://www.ncbi.nlm.nih.gov/pmc/articles/PMC11129317/,https://pmc.ncbi.nlm.nih.gov/articles/instance/11129317/bin/mmc4.xlsx,"Table S2. Arginine-to-cysteine substitutants with codon-specific analysis in LSCC, related to Figure 3",mmc4,"Table S2. Arginine-to-cysteine substitutants with codon-specific analysis in LSCC, related to Figure 3",No description,xlsx
mmc5.xlsx,local-data,,,supplementary material,,https://www.ncbi.nlm.nih.gov/pmc/articles/PMC11129317/,https://pmc.ncbi.nlm.nih.gov/articles/instance/11129317/bin/mmc5.xlsx,"Table S3. Arginine substitutants codon-specific analysis in different cancers, related to Figure 1",mmc5,"Table S3. Arginine substitutants codon-specific analysis in different cancers, related to Figure 1",No description,xlsx
mmc6.xlsx,local-data,,,supplementary material,,https://www.ncbi.nlm.nih.gov/pmc/articles/PMC11129317/,https://pmc.ncbi.nlm.nih.gov/articles/instance/11129317/bin/mmc6.xlsx,"Table S4. Proteomic analysis of MDA-MB-231 cells treated with arginine depletion, related to Figure 4",mmc6,"Table S4. Proteomic analysis of MDA-MB-231 cells treated with arginine depletion, related to Figure 4",No description,xlsx
mmc7.xlsx,local-data,,,supplementary material,,https://www.ncbi.nlm.nih.gov/pmc/articles/PMC11129317/,https://pmc.ncbi.nlm.nih.gov/articles/instance/11129317/bin/mmc7.xlsx,"Table S5. Ontology-enrichment analysis of arginine-to-cysteine substitutants, related to Figure 5",mmc7,"Table S5. Ontology-enrichment analysis of arginine-to-cysteine substitutants, related to Figure 5",No description,xlsx
mmc8.xlsx,local-data,,,supplementary material,,https://www.ncbi.nlm.nih.gov/pmc/articles/PMC11129317/,https://pmc.ncbi.nlm.nih.gov/articles/instance/11129317/bin/mmc8.xlsx,"Table S6. Proteomics analysis of A549 cells treated with arginine depletion, related to Figure 5",mmc8,"Table S6. Proteomics analysis of A549 cells treated with arginine depletion, related to Figure 5",No description,xlsx
mmc9.xlsx,local-data,,,supplementary material,,https://www.ncbi.nlm.nih.gov/pmc/articles/PMC11129317/,https://pmc.ncbi.nlm.nih.gov/articles/instance/11129317/bin/mmc9.xlsx,"Table S7. DNA fragments of the plasmids used in this study, related to Figures 3, 4, and 5",mmc9,"Table S7. DNA fragments of the plasmids used in this study, related to Figures 3, 4, and 5",No description,xlsx
mmc10.pdf,local-data,,,supplementary material,,https://www.ncbi.nlm.nih.gov/pmc/articles/PMC11129317/,https://pmc.ncbi.nlm.nih.gov/articles/instance/11129317/bin/mmc10.pdf,Document S2. Article plus supplemental information,mmc10,Document S2. Article plus supplemental information,No description,pdf
mmc1.pdf,local-data,,,supplementary material,,https://www.ncbi.nlm.nih.gov/pmc/articles/PMC11129317/,https://pmc.ncbi.nlm.nih.gov/articles/instance/11129317/bin/mmc1.pdf,Document S1. Figures S1–S6,mmc1,Document S1. Figures S1–S6,No description,pdf
mmc2.zip,local-data,,,supplementary material,,https://www.ncbi.nlm.nih.gov/pmc/articles/PMC11129317/,https://pmc.ncbi.nlm.nih.gov/articles/instance/11129317/bin/mmc2.zip,File S1. Detailed Philosopher parameters for substitutant library scanning,mmc2,File S1. Detailed Philosopher parameters for substitutant library scanning,No description,zip
mmc3.xlsx,local-data,,,supplementary material,,https://www.ncbi.nlm.nih.gov/pmc/articles/PMC11129317/,https://pmc.ncbi.nlm.nih.gov/articles/instance/11129317/bin/mmc3.xlsx,"Table S1. Identified arginine to all other amino acid substitution peptides in different cancers, related to Figure 1",mmc3,"Table S1. Identified arginine to all other amino acid substitution peptides in different cancers, related to Figure 1",No description,xlsx
mmc4.xlsx,local-data,,,supplementary material,,https://www.ncbi.nlm.nih.gov/pmc/articles/PMC11129317/,https://pmc.ncbi.nlm.nih.gov/articles/instance/11129317/bin/mmc4.xlsx,"Table S2. Arginine-to-cysteine substitutants with codon-specific analysis in LSCC, related to Figure 3",mmc4,"Table S2. Arginine-to-cysteine substitutants with codon-specific analysis in LSCC, related to Figure 3",No description,xlsx
mmc5.xlsx,local-data,,,supplementary material,,https://www.ncbi.nlm.nih.gov/pmc/articles/PMC11129317/,https://pmc.ncbi.nlm.nih.gov/articles/instance/11129317/bin/mmc5.xlsx,"Table S3. Arginine substitutants codon-specific analysis in different cancers, related to Figure 1",mmc5,"Table S3. Arginine substitutants codon-specific analysis in different cancers, related to Figure 1",No description,xlsx
mmc6.xlsx,local-data,,,supplementary material,,https://www.ncbi.nlm.nih.gov/pmc/articles/PMC11129317/,https://pmc.ncbi.nlm.nih.gov/articles/instance/11129317/bin/mmc6.xlsx,"Table S4. Proteomic analysis of MDA-MB-231 cells treated with arginine depletion, related to Figure 4",mmc6,"Table S4. Proteomic analysis of MDA-MB-231 cells treated with arginine depletion, related to Figure 4",No description,xlsx
mmc7.xlsx,local-data,,,supplementary material,,https://www.ncbi.nlm.nih.gov/pmc/articles/PMC11129317/,https://pmc.ncbi.nlm.nih.gov/articles/instance/11129317/bin/mmc7.xlsx,"Table S5. Ontology-enrichment analysis of arginine-to-cysteine substitutants, related to Figure 5",mmc7,"Table S5. Ontology-enrichment analysis of arginine-to-cysteine substitutants, related to Figure 5",No description,xlsx
mmc8.xlsx,local-data,,,supplementary material,,https://www.ncbi.nlm.nih.gov/pmc/articles/PMC11129317/,https://pmc.ncbi.nlm.nih.gov/articles/instance/11129317/bin/mmc8.xlsx,"Table S6. Proteomics analysis of A549 cells treated with arginine depletion, related to Figure 5",mmc8,"Table S6. Proteomics analysis of A549 cells treated with arginine depletion, related to Figure 5",No description,xlsx
mmc9.xlsx,local-data,,,supplementary material,,https://www.ncbi.nlm.nih.gov/pmc/articles/PMC11129317/,https://pmc.ncbi.nlm.nih.gov/articles/instance/11129317/bin/mmc9.xlsx,"Table S7. DNA fragments of the plasmids used in this study, related to Figures 3, 4, and 5",mmc9,"Table S7. DNA fragments of the plasmids used in this study, related to Figures 3, 4, and 5",No description,xlsx
mmc10.pdf,local-data,,,supplementary material,,https://www.ncbi.nlm.nih.gov/pmc/articles/PMC11129317/,https://pmc.ncbi.nlm.nih.gov/articles/instance/11129317/bin/mmc10.pdf,Document S2. Article plus supplemental information,mmc10,Document S2. Article plus supplemental information,No description,pdf
http://www.iprox.org,data_link,IPX0004230000,http://www.iprox.org,data availability,na,https://www.ncbi.nlm.nih.gov/pmc/articles/PMC11423856/,,,,,,
https://pmc.ncbi.nlm.nih.gov/articles/instance/11423856/bin/qzae033_supplementary_data.zip,,,,supplementary_data,,https://www.ncbi.nlm.nih.gov/pmc/articles/PMC11423856/,,,,,,
qzae033_supplementary_data.zip,local-data,,,supplementary material,,https://www.ncbi.nlm.nih.gov/pmc/articles/PMC11423856/,https://pmc.ncbi.nlm.nih.gov/articles/instance/11423856/bin/qzae033_supplementary_data.zip,No Title,sup1,qzae033_Supplementary_Data,No description,zip
qzae033_supplementary_data.zip,local-data,,,supplementary material,,https://www.ncbi.nlm.nih.gov/pmc/articles/PMC11423856/,https://pmc.ncbi.nlm.nih.gov/articles/instance/11423856/bin/qzae033_supplementary_data.zip,No Title,sup1,qzae033_Supplementary_Data,No description,zip
jitc-2023-007588supp001.pdf,local-data,,,supplementary material inline,,https://www.ncbi.nlm.nih.gov/pmc/articles/PMC11015306/,https://pmc.ncbi.nlm.nih.gov/articles/instance/11015306/bin/jitc-2023-007588supp001.pdf,No Title,SS1,,,pdf
jitc-2023-007588supp002.pdf,local-data,,,supplementary material inline,,https://www.ncbi.nlm.nih.gov/pmc/articles/PMC11015306/,https://pmc.ncbi.nlm.nih.gov/articles/instance/11015306/bin/jitc-2023-007588supp002.pdf,No Title,SS2,,,pdf
jitc-2023-007588supp003.pdf,local-data,,,supplementary material inline,,https://www.ncbi.nlm.nih.gov/pmc/articles/PMC11015306/,https://pmc.ncbi.nlm.nih.gov/articles/instance/11015306/bin/jitc-2023-007588supp003.pdf,No Title,SS3,,,pdf
http://proteomecentral.proteomexchange.org,data_link,MSV000092248,http://proteomecentral.proteomexchange.org,data availability,na,https://www.ncbi.nlm.nih.gov/pmc/articles/PMC11062922/,,,,,,
https://massive.ucsd.edu/ProteoSAFe/QueryMSV?id=MSV000092248,data_link,MSV000092248,http://proteomecentral.proteomexchange.org,data availability,na,https://www.ncbi.nlm.nih.gov/pmc/articles/PMC11062922/,,,,,,
http://www.proteomicsdb.org,data_link,MSV000092248,https://massive.ucsd.edu/ProteoSAFe/QueryMSV?id=MSV000092248,data availability,https://massive.ucsd.edu/ProteoSAFe/dataset.jsp?accession=MSV000092248,https://www.ncbi.nlm.nih.gov/pmc/articles/PMC11062922/,,,,,,
https://doi.org/10.2210/pdb7ZWE/pdb,,7ZWE,doi.org,,https://doi.org/10.2210/pdb7ZWE/pdb,https://www.ncbi.nlm.nih.gov/pmc/articles/PMC11062922/,,,,,,
https://doi.org/10.2210/pdb7A4Q/pdb,,7A4Q,doi.org,,https://doi.org/10.2210/pdb7A4Q/pdb,https://www.ncbi.nlm.nih.gov/pmc/articles/PMC11062922/,,,,,,
https://doi.org/10.2210/pdb7ZWG/pdb,,7ZWG,doi.org,,https://doi.org/10.2210/pdb7ZWG/pdb,https://www.ncbi.nlm.nih.gov/pmc/articles/PMC11062922/,,,,,,
https://www.ncbi.nlm.nih.gov/pmc/articles/PMC11062922/#Sec27,data_link,MSV000092248,http://proteomecentral.proteomexchange.org,data availability,na,https://www.ncbi.nlm.nih.gov/pmc/articles/PMC11062922/,,,,,,
41589_2023_1459_MOESM1_ESM.pdf,local-data,,,supplementary material,,https://www.ncbi.nlm.nih.gov/pmc/articles/PMC11062922/,https://pmc.ncbi.nlm.nih.gov/articles/instance/11062922/bin/41589_2023_1459_MOESM1_ESM.pdf,No Title,MOESM1,Reporting Summary,Reporting Summary,pdf
41589_2023_1459_MOESM2_ESM.xlsx,local-data,,,supplementary material,,https://www.ncbi.nlm.nih.gov/pmc/articles/PMC11062922/,https://pmc.ncbi.nlm.nih.gov/articles/instance/11062922/bin/41589_2023_1459_MOESM2_ESM.xlsx,No Title,MOESM2,Supplementary Table 1 Compound annotation.,Compound annotation.,xlsx
41589_2023_1459_MOESM3_ESM.xlsx,local-data,,,supplementary material,,https://www.ncbi.nlm.nih.gov/pmc/articles/PMC11062922/,https://pmc.ncbi.nlm.nih.gov/articles/instance/11062922/bin/41589_2023_1459_MOESM3_ESM.xlsx,No Title,MOESM3,Supplementary Table 2 Drug matrix of target affinity values.,Drug matrix of target affinity values.,xlsx
41589_2023_1459_MOESM4_ESM.xlsx,local-data,,,supplementary material,,https://www.ncbi.nlm.nih.gov/pmc/articles/PMC11062922/,https://pmc.ncbi.nlm.nih.gov/articles/instance/11062922/bin/41589_2023_1459_MOESM4_ESM.xlsx,No Title,MOESM4,Supplementary Table 3 Selectivities of tool compounds.,Selectivities of tool compounds.,xlsx
41589_2023_1459_MOESM5_ESM.xlsx,local-data,,,supplementary material,,https://www.ncbi.nlm.nih.gov/pmc/articles/PMC11062922/,https://pmc.ncbi.nlm.nih.gov/articles/instance/11062922/bin/41589_2023_1459_MOESM5_ESM.xlsx,No Title,MOESM5,Supplementary Table 4 Results related to CK2 follow-up experiments.,Results related to CK2 follow-up experiments.,xlsx
41589_2023_1459_MOESM6_ESM.xlsx,local-data,,,supplementary material,,https://www.ncbi.nlm.nih.gov/pmc/articles/PMC11062922/,https://pmc.ncbi.nlm.nih.gov/articles/instance/11062922/bin/41589_2023_1459_MOESM6_ESM.xlsx,No Title,MOESM6,Supplementary Table 5 Results related to PKN3 follow-up experiments.,Results related to PKN3 follow-up experiments.,xlsx
41589_2023_1459_MOESM7_ESM.pdf,local-data,,,supplementary material,,https://www.ncbi.nlm.nih.gov/pmc/articles/PMC11062922/,https://pmc.ncbi.nlm.nih.gov/articles/instance/11062922/bin/41589_2023_1459_MOESM7_ESM.pdf,No Title,MOESM7,Source Data Fig. 3 Unprocessed western blots.,Unprocessed western blots.,pdf
41589_2023_1459_MOESM8_ESM.pdf,local-data,,,supplementary material,,https://www.ncbi.nlm.nih.gov/pmc/articles/PMC11062922/,https://pmc.ncbi.nlm.nih.gov/articles/instance/11062922/bin/41589_2023_1459_MOESM8_ESM.pdf,No Title,MOESM8,Source Data Extended Data Fig. 4 Unprocessed western blots.,Unprocessed western blots.,pdf
41589_2023_1459_MOESM1_ESM.pdf,local-data,,,supplementary material,,https://www.ncbi.nlm.nih.gov/pmc/articles/PMC11062922/,https://pmc.ncbi.nlm.nih.gov/articles/instance/11062922/bin/41589_2023_1459_MOESM1_ESM.pdf,No Title,MOESM1,Reporting Summary,Reporting Summary,pdf
41589_2023_1459_MOESM2_ESM.xlsx,local-data,,,supplementary material,,https://www.ncbi.nlm.nih.gov/pmc/articles/PMC11062922/,https://pmc.ncbi.nlm.nih.gov/articles/instance/11062922/bin/41589_2023_1459_MOESM2_ESM.xlsx,No Title,MOESM2,Supplementary Table 1 Compound annotation.,Compound annotation.,xlsx
41589_2023_1459_MOESM3_ESM.xlsx,local-data,,,supplementary material,,https://www.ncbi.nlm.nih.gov/pmc/articles/PMC11062922/,https://pmc.ncbi.nlm.nih.gov/articles/instance/11062922/bin/41589_2023_1459_MOESM3_ESM.xlsx,No Title,MOESM3,Supplementary Table 2 Drug matrix of target affinity values.,Drug matrix of target affinity values.,xlsx
41589_2023_1459_MOESM4_ESM.xlsx,local-data,,,supplementary material,,https://www.ncbi.nlm.nih.gov/pmc/articles/PMC11062922/,https://pmc.ncbi.nlm.nih.gov/articles/instance/11062922/bin/41589_2023_1459_MOESM4_ESM.xlsx,No Title,MOESM4,Supplementary Table 3 Selectivities of tool compounds.,Selectivities of tool compounds.,xlsx
41589_2023_1459_MOESM5_ESM.xlsx,local-data,,,supplementary material,,https://www.ncbi.nlm.nih.gov/pmc/articles/PMC11062922/,https://pmc.ncbi.nlm.nih.gov/articles/instance/11062922/bin/41589_2023_1459_MOESM5_ESM.xlsx,No Title,MOESM5,Supplementary Table 4 Results related to CK2 follow-up experiments.,Results related to CK2 follow-up experiments.,xlsx
41589_2023_1459_MOESM6_ESM.xlsx,local-data,,,supplementary material,,https://www.ncbi.nlm.nih.gov/pmc/articles/PMC11062922/,https://pmc.ncbi.nlm.nih.gov/articles/instance/11062922/bin/41589_2023_1459_MOESM6_ESM.xlsx,No Title,MOESM6,Supplementary Table 5 Results related to PKN3 follow-up experiments.,Results related to PKN3 follow-up experiments.,xlsx
41589_2023_1459_MOESM7_ESM.pdf,local-data,,,supplementary material,,https://www.ncbi.nlm.nih.gov/pmc/articles/PMC11062922/,https://pmc.ncbi.nlm.nih.gov/articles/instance/11062922/bin/41589_2023_1459_MOESM7_ESM.pdf,No Title,MOESM7,Source Data Fig. 3 Unprocessed western blots.,Unprocessed western blots.,pdf
41589_2023_1459_MOESM8_ESM.pdf,local-data,,,supplementary material,,https://www.ncbi.nlm.nih.gov/pmc/articles/PMC11062922/,https://pmc.ncbi.nlm.nih.gov/articles/instance/11062922/bin/41589_2023_1459_MOESM8_ESM.pdf,No Title,MOESM8,Source Data Extended Data Fig. 4 Unprocessed western blots.,Unprocessed western blots.,pdf
