dataset_identifier,data_repository,dataset_webpage,link,source_url,download_link,title,content_type,id,surrounding_text,description,source_section,file_extension
PXD053567,http://www.ebi.ac.uk/pride/archive/,https://www.ebi.ac.uk/pride/archive/projects/PXD053567,,https://www.ncbi.nlm.nih.gov/pmc/articles/PMC11252349/,,,,,,,,
,,,41598_2024_67079_MOESM1_ESM.zip,https://www.ncbi.nlm.nih.gov/pmc/articles/PMC11252349/,https://pmc.ncbi.nlm.nih.gov/articles/instance/11252349/bin/41598_2024_67079_MOESM1_ESM.zip,No Title,local-data,MOESM1,Supplementary Information.,Supplementary Information.,supplementary material,zip
,,,41598_2024_67079_MOESM1_ESM.zip,https://www.ncbi.nlm.nih.gov/pmc/articles/PMC11252349/,https://pmc.ncbi.nlm.nih.gov/articles/instance/11252349/bin/41598_2024_67079_MOESM1_ESM.zip,No Title,local-data,MOESM1,Supplementary Information.,Supplementary Information.,supplementary material,zip
n/a,n/a,na,,https://www.ncbi.nlm.nih.gov/pmc/articles/PMC11425778/,,,,,,,,
MSV000092944,massive.ucsd.edu,https://massive.ucsd.edu/ProteoSAFe/dataset.jsp?accession=MSV000092944,n/a,https://www.ncbi.nlm.nih.gov/pmc/articles/PMC11425778/,,,,,"Data Availability Statement
Proteomics data can be found at the MassIVE database via MSV000092944.",,data_availability,
,,,https://pmc.ncbi.nlm.nih.gov/articles/instance/11425778/bin/NIHMS2020672-supplement-SI.pdf,https://www.ncbi.nlm.nih.gov/pmc/articles/PMC11425778/,,,,,,,supplementary_data,pdf
PXD052949,https://www.proteomexchange.org/,https://proteomecentral.proteomexchange.org/cgi/GetDataset?ID=PXD052949,,https://www.ncbi.nlm.nih.gov/pmc/articles/PMC11320025/,,,,,,,,
n/a,n/a,na,,https://www.ncbi.nlm.nih.gov/pmc/articles/PMC11320025/,,,,,,,,
6077-6129,https://assays.cancer.gov/available_assays,na,,https://www.ncbi.nlm.nih.gov/pmc/articles/PMC11320025/,,,,,,,,
n/a,n/a,na,,https://www.ncbi.nlm.nih.gov/pmc/articles/PMC11320025/,,,,,,,,
,,,https://pmc.ncbi.nlm.nih.gov/articles/instance/11320025/bin/crc-24-0113_supplementary_methods_s1_suppsm1.pdf,https://www.ncbi.nlm.nih.gov/pmc/articles/PMC11320025/,,,,,,,supplementary_data,
,,,https://pmc.ncbi.nlm.nih.gov/articles/instance/11320025/bin/crc-24-0113_supplementary_validation_data_s1_suppsd1.pdf,https://www.ncbi.nlm.nih.gov/pmc/articles/PMC11320025/,,,,,,,supplementary_data,
,,,https://pmc.ncbi.nlm.nih.gov/articles/instance/11320025/bin/crc-24-0113_supplementary_validation_data_s2_suppsd2.pdf,https://www.ncbi.nlm.nih.gov/pmc/articles/PMC11320025/,,,,,,,supplementary_data,
,,,https://pmc.ncbi.nlm.nih.gov/articles/instance/11320025/bin/crc-24-0113_supplementary_figure_s1_suppsf1.pdf,https://www.ncbi.nlm.nih.gov/pmc/articles/PMC11320025/,,,,,,,supplementary_data,
,,,https://pmc.ncbi.nlm.nih.gov/articles/instance/11320025/bin/crc-24-0113_supplementary_figure_s2_suppsf2.pdf,https://www.ncbi.nlm.nih.gov/pmc/articles/PMC11320025/,,,,,,,supplementary_data,
,,,https://pmc.ncbi.nlm.nih.gov/articles/instance/11320025/bin/crc-24-0113_supplementary_figure_s3_suppsf3.pdf,https://www.ncbi.nlm.nih.gov/pmc/articles/PMC11320025/,,,,,,,supplementary_data,
,,,https://pmc.ncbi.nlm.nih.gov/articles/instance/11320025/bin/crc-24-0113_supplementary_figure_s4_suppsf4.pdf,https://www.ncbi.nlm.nih.gov/pmc/articles/PMC11320025/,,,,,,,supplementary_data,
,,,https://pmc.ncbi.nlm.nih.gov/articles/instance/11320025/bin/crc-24-0113_supplementary_table_s1_suppst1.pdf,https://www.ncbi.nlm.nih.gov/pmc/articles/PMC11320025/,,,,,,,supplementary_data,
,,,https://pmc.ncbi.nlm.nih.gov/articles/instance/11320025/bin/crc-24-0113_supplementary_table_s2_suppst2.pdf,https://www.ncbi.nlm.nih.gov/pmc/articles/PMC11320025/,,,,,,,supplementary_data,
,,,https://pmc.ncbi.nlm.nih.gov/articles/instance/11320025/bin/crc-24-0113_supplementary_table_s3_suppst3.pdf,https://www.ncbi.nlm.nih.gov/pmc/articles/PMC11320025/,,,,,,,supplementary_data,
,,,crc-24-0113_supplementary_methods_s1_suppsm1.pdf,https://www.ncbi.nlm.nih.gov/pmc/articles/PMC11320025/,https://pmc.ncbi.nlm.nih.gov/articles/instance/11320025/bin/crc-24-0113_supplementary_methods_s1_suppsm1.pdf,No Title,local-data,No ID,"Supplementary Methods S1 
         
           Supplemental Materials and Methods concerning patient samples, cell lines, tissue culture, iMALDI-MS, Nano-LC-Orbitrap-MS, LC-MRM-MS","Supplemental Materials and Methods concerning patient samples, cell lines, tissue culture, iMALDI-MS, Nano-LC-Orbitrap-MS, LC-MRM-MS",supplementary material,pdf
,,,crc-24-0113_supplementary_validation_data_s1_suppsd1.pdf,https://www.ncbi.nlm.nih.gov/pmc/articles/PMC11320025/,https://pmc.ncbi.nlm.nih.gov/articles/instance/11320025/bin/crc-24-0113_supplementary_validation_data_s1_suppsd1.pdf,No Title,local-data,No ID,"Supplementary Validation Data S1 
         
           Supplementary Validation Data demonstrating the performance of the iMALDI-MS assay",Supplementary Validation Data demonstrating the performance of the iMALDI-MS assay,supplementary material,pdf
,,,crc-24-0113_supplementary_validation_data_s2_suppsd2.pdf,https://www.ncbi.nlm.nih.gov/pmc/articles/PMC11320025/,https://pmc.ncbi.nlm.nih.gov/articles/instance/11320025/bin/crc-24-0113_supplementary_validation_data_s2_suppsd2.pdf,No Title,local-data,No ID,"Supplementary Validation Data S2 
         
           Quality Assessment of the Global Proteomics Data",Quality Assessment of the Global Proteomics Data,supplementary material,pdf
,,,crc-24-0113_supplementary_figure_s1_suppsf1.pdf,https://www.ncbi.nlm.nih.gov/pmc/articles/PMC11320025/,https://pmc.ncbi.nlm.nih.gov/articles/instance/11320025/bin/crc-24-0113_supplementary_figure_s1_suppsf1.pdf,No Title,local-data,No ID,"Supplementary Figure S1 
         
           Individual protein concentrations measured by iMALDI-MS for each sample, comparison of measured PTEN concentration to IHC H-score","Individual protein concentrations measured by iMALDI-MS for each sample, comparison of measured PTEN concentration to IHC H-score",supplementary material,pdf
,,,crc-24-0113_supplementary_figure_s2_suppsf2.pdf,https://www.ncbi.nlm.nih.gov/pmc/articles/PMC11320025/,https://pmc.ncbi.nlm.nih.gov/articles/instance/11320025/bin/crc-24-0113_supplementary_figure_s2_suppsf2.pdf,No Title,local-data,No ID,"Supplementary Figure S2 
         
           Individual protein concentrations measured by iMALDI-MS for PTEN vs. IHC H-score",Individual protein concentrations measured by iMALDI-MS for PTEN vs. IHC H-score,supplementary material,pdf
,,,crc-24-0113_supplementary_figure_s3_suppsf3.pdf,https://www.ncbi.nlm.nih.gov/pmc/articles/PMC11320025/,https://pmc.ncbi.nlm.nih.gov/articles/instance/11320025/bin/crc-24-0113_supplementary_figure_s3_suppsf3.pdf,No Title,local-data,No ID,"Supplementary Figure S3 
         
           Comparison of iMALDI and Global Proteomics results for primary vs metastatic samples",Comparison of iMALDI and Global Proteomics results for primary vs metastatic samples,supplementary material,pdf
,,,crc-24-0113_supplementary_figure_s4_suppsf4.pdf,https://www.ncbi.nlm.nih.gov/pmc/articles/PMC11320025/,https://pmc.ncbi.nlm.nih.gov/articles/instance/11320025/bin/crc-24-0113_supplementary_figure_s4_suppsf4.pdf,No Title,local-data,No ID,"Supplementary Figure S4 
         
           Combination treatment of cell lines with capivasertib and an eIF2α inhibitor",Combination treatment of cell lines with capivasertib and an eIF2α inhibitor,supplementary material,pdf
,,,crc-24-0113_supplementary_table_s1_suppst1.pdf,https://www.ncbi.nlm.nih.gov/pmc/articles/PMC11320025/,https://pmc.ncbi.nlm.nih.gov/articles/instance/11320025/bin/crc-24-0113_supplementary_table_s1_suppst1.pdf,No Title,local-data,No ID,"Supplementary Table S1 
         
           Detailed results of the label-free quantitation",Detailed results of the label-free quantitation,supplementary material,pdf
,,,crc-24-0113_supplementary_table_s2_suppst2.pdf,https://www.ncbi.nlm.nih.gov/pmc/articles/PMC11320025/,https://pmc.ncbi.nlm.nih.gov/articles/instance/11320025/bin/crc-24-0113_supplementary_table_s2_suppst2.pdf,No Title,local-data,No ID,"Supplementary Table S2 
         
           Proteins expression differences between capivasertib-resistant vs. capivasertib-sensitive cells quantified by validated MRM-MS assays as compared to the profile observed in patient samples",Proteins expression differences between capivasertib-resistant vs. capivasertib-sensitive cells quantified by validated MRM-MS assays as compared to the profile observed in patient samples,supplementary material,pdf
,,,crc-24-0113_supplementary_table_s3_suppst3.pdf,https://www.ncbi.nlm.nih.gov/pmc/articles/PMC11320025/,https://pmc.ncbi.nlm.nih.gov/articles/instance/11320025/bin/crc-24-0113_supplementary_table_s3_suppst3.pdf,No Title,local-data,No ID,"Supplementary Table S3 
         
           Detailed results of pathway mapping by Qiagen IPA",Detailed results of pathway mapping by Qiagen IPA,supplementary material,pdf
,,,crc-24-0113_supplementary_methods_s1_suppsm1.pdf,https://www.ncbi.nlm.nih.gov/pmc/articles/PMC11320025/,https://pmc.ncbi.nlm.nih.gov/articles/instance/11320025/bin/crc-24-0113_supplementary_methods_s1_suppsm1.pdf,No Title,local-data,No ID,"Supplementary Methods S1 
         
           Supplemental Materials and Methods concerning patient samples, cell lines, tissue culture, iMALDI-MS, Nano-LC-Orbitrap-MS, LC-MRM-MS","Supplemental Materials and Methods concerning patient samples, cell lines, tissue culture, iMALDI-MS, Nano-LC-Orbitrap-MS, LC-MRM-MS",supplementary material,pdf
,,,crc-24-0113_supplementary_validation_data_s1_suppsd1.pdf,https://www.ncbi.nlm.nih.gov/pmc/articles/PMC11320025/,https://pmc.ncbi.nlm.nih.gov/articles/instance/11320025/bin/crc-24-0113_supplementary_validation_data_s1_suppsd1.pdf,No Title,local-data,No ID,"Supplementary Validation Data S1 
         
           Supplementary Validation Data demonstrating the performance of the iMALDI-MS assay",Supplementary Validation Data demonstrating the performance of the iMALDI-MS assay,supplementary material,pdf
,,,crc-24-0113_supplementary_validation_data_s2_suppsd2.pdf,https://www.ncbi.nlm.nih.gov/pmc/articles/PMC11320025/,https://pmc.ncbi.nlm.nih.gov/articles/instance/11320025/bin/crc-24-0113_supplementary_validation_data_s2_suppsd2.pdf,No Title,local-data,No ID,"Supplementary Validation Data S2 
         
           Quality Assessment of the Global Proteomics Data",Quality Assessment of the Global Proteomics Data,supplementary material,pdf
,,,crc-24-0113_supplementary_figure_s1_suppsf1.pdf,https://www.ncbi.nlm.nih.gov/pmc/articles/PMC11320025/,https://pmc.ncbi.nlm.nih.gov/articles/instance/11320025/bin/crc-24-0113_supplementary_figure_s1_suppsf1.pdf,No Title,local-data,No ID,"Supplementary Figure S1 
         
           Individual protein concentrations measured by iMALDI-MS for each sample, comparison of measured PTEN concentration to IHC H-score","Individual protein concentrations measured by iMALDI-MS for each sample, comparison of measured PTEN concentration to IHC H-score",supplementary material,pdf
,,,crc-24-0113_supplementary_figure_s2_suppsf2.pdf,https://www.ncbi.nlm.nih.gov/pmc/articles/PMC11320025/,https://pmc.ncbi.nlm.nih.gov/articles/instance/11320025/bin/crc-24-0113_supplementary_figure_s2_suppsf2.pdf,No Title,local-data,No ID,"Supplementary Figure S2 
         
           Individual protein concentrations measured by iMALDI-MS for PTEN vs. IHC H-score",Individual protein concentrations measured by iMALDI-MS for PTEN vs. IHC H-score,supplementary material,pdf
,,,crc-24-0113_supplementary_figure_s3_suppsf3.pdf,https://www.ncbi.nlm.nih.gov/pmc/articles/PMC11320025/,https://pmc.ncbi.nlm.nih.gov/articles/instance/11320025/bin/crc-24-0113_supplementary_figure_s3_suppsf3.pdf,No Title,local-data,No ID,"Supplementary Figure S3 
         
           Comparison of iMALDI and Global Proteomics results for primary vs metastatic samples",Comparison of iMALDI and Global Proteomics results for primary vs metastatic samples,supplementary material,pdf
,,,crc-24-0113_supplementary_figure_s4_suppsf4.pdf,https://www.ncbi.nlm.nih.gov/pmc/articles/PMC11320025/,https://pmc.ncbi.nlm.nih.gov/articles/instance/11320025/bin/crc-24-0113_supplementary_figure_s4_suppsf4.pdf,No Title,local-data,No ID,"Supplementary Figure S4 
         
           Combination treatment of cell lines with capivasertib and an eIF2α inhibitor",Combination treatment of cell lines with capivasertib and an eIF2α inhibitor,supplementary material,pdf
,,,crc-24-0113_supplementary_table_s1_suppst1.pdf,https://www.ncbi.nlm.nih.gov/pmc/articles/PMC11320025/,https://pmc.ncbi.nlm.nih.gov/articles/instance/11320025/bin/crc-24-0113_supplementary_table_s1_suppst1.pdf,No Title,local-data,No ID,"Supplementary Table S1 
         
           Detailed results of the label-free quantitation",Detailed results of the label-free quantitation,supplementary material,pdf
,,,crc-24-0113_supplementary_table_s2_suppst2.pdf,https://www.ncbi.nlm.nih.gov/pmc/articles/PMC11320025/,https://pmc.ncbi.nlm.nih.gov/articles/instance/11320025/bin/crc-24-0113_supplementary_table_s2_suppst2.pdf,No Title,local-data,No ID,"Supplementary Table S2 
         
           Proteins expression differences between capivasertib-resistant vs. capivasertib-sensitive cells quantified by validated MRM-MS assays as compared to the profile observed in patient samples",Proteins expression differences between capivasertib-resistant vs. capivasertib-sensitive cells quantified by validated MRM-MS assays as compared to the profile observed in patient samples,supplementary material,pdf
,,,crc-24-0113_supplementary_table_s3_suppst3.pdf,https://www.ncbi.nlm.nih.gov/pmc/articles/PMC11320025/,https://pmc.ncbi.nlm.nih.gov/articles/instance/11320025/bin/crc-24-0113_supplementary_table_s3_suppst3.pdf,No Title,local-data,No ID,"Supplementary Table S3 
         
           Detailed results of pathway mapping by Qiagen IPA",Detailed results of pathway mapping by Qiagen IPA,supplementary material,pdf
PXD045268,proteomecentral.proteomexchange.org,https://proteomecentral.proteomexchange.org/cgi/GetDataset?ID=PXD045268,,https://www.ncbi.nlm.nih.gov/pmc/articles/PMC11066909/,,,,,,,,
Please provide the data availability section so I can process it and give you the requested information.,n/a,na,https://pmc.ncbi.nlm.nih.gov/articles/PMC11066909/#CIT0028,https://www.ncbi.nlm.nih.gov/pmc/articles/PMC11066909/,,,,,,,data_availability,
PXD045268,proteomecentral.proteomexchange.org,https://proteomecentral.proteomexchange.org/cgi/GetDataset?ID=PXD045268,n/a,https://www.ncbi.nlm.nih.gov/pmc/articles/PMC11066909/,,,,,"Data Availability
The mass spectrometry proteomics data have been deposited to the ProteomeXchange Consortium via the PRIDE28 partner repository with the dataset identifier PXD045268.",,data_availability,
,,,https://pmc.ncbi.nlm.nih.gov/articles/instance/11066909/bin/noad265_suppl_supplementary_figure_s1.jpeg,https://www.ncbi.nlm.nih.gov/pmc/articles/PMC11066909/,,,,,,,supplementary_data,
,,,https://pmc.ncbi.nlm.nih.gov/articles/instance/11066909/bin/noad265_suppl_supplementary_figure_s2.jpeg,https://www.ncbi.nlm.nih.gov/pmc/articles/PMC11066909/,,,,,,,supplementary_data,
,,,https://pmc.ncbi.nlm.nih.gov/articles/instance/11066909/bin/noad265_suppl_supplementary_figure_s3.jpeg,https://www.ncbi.nlm.nih.gov/pmc/articles/PMC11066909/,,,,,,,supplementary_data,
,,,https://pmc.ncbi.nlm.nih.gov/articles/instance/11066909/bin/noad265_suppl_supplementary_figure_s4.jpeg,https://www.ncbi.nlm.nih.gov/pmc/articles/PMC11066909/,,,,,,,supplementary_data,
,,,https://pmc.ncbi.nlm.nih.gov/articles/instance/11066909/bin/noad265_suppl_supplementary_figure_s5.jpeg,https://www.ncbi.nlm.nih.gov/pmc/articles/PMC11066909/,,,,,,,supplementary_data,
,,,https://pmc.ncbi.nlm.nih.gov/articles/instance/11066909/bin/noad265_suppl_supplementary_figure_s6.jpeg,https://www.ncbi.nlm.nih.gov/pmc/articles/PMC11066909/,,,,,,,supplementary_data,
,,,https://pmc.ncbi.nlm.nih.gov/articles/instance/11066909/bin/noad265_suppl_supplementary_figure_s7.jpeg,https://www.ncbi.nlm.nih.gov/pmc/articles/PMC11066909/,,,,,,,supplementary_data,
,,,https://pmc.ncbi.nlm.nih.gov/articles/instance/11066909/bin/noad265_suppl_supplementary_figure_s8.jpeg,https://www.ncbi.nlm.nih.gov/pmc/articles/PMC11066909/,,,,,,,supplementary_data,
,,,https://pmc.ncbi.nlm.nih.gov/articles/instance/11066909/bin/noad265_suppl_supplementary_table_s1.xlsx,https://www.ncbi.nlm.nih.gov/pmc/articles/PMC11066909/,,,,,,,supplementary_data,
,,,https://pmc.ncbi.nlm.nih.gov/articles/instance/11066909/bin/noad265_suppl_supplementary_table_s2.xlsx,https://www.ncbi.nlm.nih.gov/pmc/articles/PMC11066909/,,,,,,,supplementary_data,
,,,https://pmc.ncbi.nlm.nih.gov/articles/instance/11066909/bin/noad265_suppl_supplementary_table_s3.xlsx,https://www.ncbi.nlm.nih.gov/pmc/articles/PMC11066909/,,,,,,,supplementary_data,
,,,https://pmc.ncbi.nlm.nih.gov/articles/instance/11066909/bin/noad265_suppl_supplementary_table_s4.xlsx,https://www.ncbi.nlm.nih.gov/pmc/articles/PMC11066909/,,,,,,,supplementary_data,
,,,https://pmc.ncbi.nlm.nih.gov/articles/instance/11066909/bin/noad265_suppl_supplementary_table_s5.xlsx,https://www.ncbi.nlm.nih.gov/pmc/articles/PMC11066909/,,,,,,,supplementary_data,
,,,https://pmc.ncbi.nlm.nih.gov/articles/instance/11066909/bin/noad265_suppl_supplementary_table_s6.xlsx,https://www.ncbi.nlm.nih.gov/pmc/articles/PMC11066909/,,,,,,,supplementary_data,
,,,https://pmc.ncbi.nlm.nih.gov/articles/instance/11066909/bin/noad265_suppl_supplementary_table_s7.xlsx,https://www.ncbi.nlm.nih.gov/pmc/articles/PMC11066909/,,,,,,,supplementary_data,
,,,noad265_suppl_supplementary_figure_s1.jpeg,https://www.ncbi.nlm.nih.gov/pmc/articles/PMC11066909/,https://pmc.ncbi.nlm.nih.gov/articles/instance/11066909/bin/noad265_suppl_supplementary_figure_s1.jpeg,No Title,local-data,sup1,noad265_suppl_Supplementary_Figure_S1,No description,supplementary material,jpeg
,,,noad265_suppl_supplementary_figure_s2.jpeg,https://www.ncbi.nlm.nih.gov/pmc/articles/PMC11066909/,https://pmc.ncbi.nlm.nih.gov/articles/instance/11066909/bin/noad265_suppl_supplementary_figure_s2.jpeg,No Title,local-data,sup2,noad265_suppl_Supplementary_Figure_S2,No description,supplementary material,jpeg
,,,noad265_suppl_supplementary_figure_s3.jpeg,https://www.ncbi.nlm.nih.gov/pmc/articles/PMC11066909/,https://pmc.ncbi.nlm.nih.gov/articles/instance/11066909/bin/noad265_suppl_supplementary_figure_s3.jpeg,No Title,local-data,sup3,noad265_suppl_Supplementary_Figure_S3,No description,supplementary material,jpeg
,,,noad265_suppl_supplementary_figure_s4.jpeg,https://www.ncbi.nlm.nih.gov/pmc/articles/PMC11066909/,https://pmc.ncbi.nlm.nih.gov/articles/instance/11066909/bin/noad265_suppl_supplementary_figure_s4.jpeg,No Title,local-data,sup4,noad265_suppl_Supplementary_Figure_S4,No description,supplementary material,jpeg
,,,noad265_suppl_supplementary_figure_s5.jpeg,https://www.ncbi.nlm.nih.gov/pmc/articles/PMC11066909/,https://pmc.ncbi.nlm.nih.gov/articles/instance/11066909/bin/noad265_suppl_supplementary_figure_s5.jpeg,No Title,local-data,sup5,noad265_suppl_Supplementary_Figure_S5,No description,supplementary material,jpeg
,,,noad265_suppl_supplementary_figure_s6.jpeg,https://www.ncbi.nlm.nih.gov/pmc/articles/PMC11066909/,https://pmc.ncbi.nlm.nih.gov/articles/instance/11066909/bin/noad265_suppl_supplementary_figure_s6.jpeg,No Title,local-data,sup6,noad265_suppl_Supplementary_Figure_S6,No description,supplementary material,jpeg
,,,noad265_suppl_supplementary_figure_s7.jpeg,https://www.ncbi.nlm.nih.gov/pmc/articles/PMC11066909/,https://pmc.ncbi.nlm.nih.gov/articles/instance/11066909/bin/noad265_suppl_supplementary_figure_s7.jpeg,No Title,local-data,sup7,noad265_suppl_Supplementary_Figure_S7,No description,supplementary material,jpeg
,,,noad265_suppl_supplementary_figure_s8.jpeg,https://www.ncbi.nlm.nih.gov/pmc/articles/PMC11066909/,https://pmc.ncbi.nlm.nih.gov/articles/instance/11066909/bin/noad265_suppl_supplementary_figure_s8.jpeg,No Title,local-data,sup8,noad265_suppl_Supplementary_Figure_S8,No description,supplementary material,jpeg
,,,noad265_suppl_supplementary_table_s1.xlsx,https://www.ncbi.nlm.nih.gov/pmc/articles/PMC11066909/,https://pmc.ncbi.nlm.nih.gov/articles/instance/11066909/bin/noad265_suppl_supplementary_table_s1.xlsx,No Title,local-data,sup9,noad265_suppl_Supplementary_Table_S1,No description,supplementary material,xlsx
,,,noad265_suppl_supplementary_table_s2.xlsx,https://www.ncbi.nlm.nih.gov/pmc/articles/PMC11066909/,https://pmc.ncbi.nlm.nih.gov/articles/instance/11066909/bin/noad265_suppl_supplementary_table_s2.xlsx,No Title,local-data,sup10,noad265_suppl_Supplementary_Table_S2,No description,supplementary material,xlsx
,,,noad265_suppl_supplementary_table_s3.xlsx,https://www.ncbi.nlm.nih.gov/pmc/articles/PMC11066909/,https://pmc.ncbi.nlm.nih.gov/articles/instance/11066909/bin/noad265_suppl_supplementary_table_s3.xlsx,No Title,local-data,sup11,noad265_suppl_Supplementary_Table_S3,No description,supplementary material,xlsx
,,,noad265_suppl_supplementary_table_s4.xlsx,https://www.ncbi.nlm.nih.gov/pmc/articles/PMC11066909/,https://pmc.ncbi.nlm.nih.gov/articles/instance/11066909/bin/noad265_suppl_supplementary_table_s4.xlsx,No Title,local-data,sup12,noad265_suppl_Supplementary_Table_S4,No description,supplementary material,xlsx
,,,noad265_suppl_supplementary_table_s5.xlsx,https://www.ncbi.nlm.nih.gov/pmc/articles/PMC11066909/,https://pmc.ncbi.nlm.nih.gov/articles/instance/11066909/bin/noad265_suppl_supplementary_table_s5.xlsx,No Title,local-data,sup13,noad265_suppl_Supplementary_Table_S5,No description,supplementary material,xlsx
,,,noad265_suppl_supplementary_table_s6.xlsx,https://www.ncbi.nlm.nih.gov/pmc/articles/PMC11066909/,https://pmc.ncbi.nlm.nih.gov/articles/instance/11066909/bin/noad265_suppl_supplementary_table_s6.xlsx,No Title,local-data,sup14,noad265_suppl_Supplementary_Table_S6,No description,supplementary material,xlsx
,,,noad265_suppl_supplementary_table_s7.xlsx,https://www.ncbi.nlm.nih.gov/pmc/articles/PMC11066909/,https://pmc.ncbi.nlm.nih.gov/articles/instance/11066909/bin/noad265_suppl_supplementary_table_s7.xlsx,No Title,local-data,sup15,noad265_suppl_Supplementary_Table_S7,No description,supplementary material,xlsx
,,,noad265_suppl_supplementary_figure_s1.jpeg,https://www.ncbi.nlm.nih.gov/pmc/articles/PMC11066909/,https://pmc.ncbi.nlm.nih.gov/articles/instance/11066909/bin/noad265_suppl_supplementary_figure_s1.jpeg,No Title,local-data,sup1,noad265_suppl_Supplementary_Figure_S1,No description,supplementary material,jpeg
,,,noad265_suppl_supplementary_figure_s2.jpeg,https://www.ncbi.nlm.nih.gov/pmc/articles/PMC11066909/,https://pmc.ncbi.nlm.nih.gov/articles/instance/11066909/bin/noad265_suppl_supplementary_figure_s2.jpeg,No Title,local-data,sup2,noad265_suppl_Supplementary_Figure_S2,No description,supplementary material,jpeg
,,,noad265_suppl_supplementary_figure_s3.jpeg,https://www.ncbi.nlm.nih.gov/pmc/articles/PMC11066909/,https://pmc.ncbi.nlm.nih.gov/articles/instance/11066909/bin/noad265_suppl_supplementary_figure_s3.jpeg,No Title,local-data,sup3,noad265_suppl_Supplementary_Figure_S3,No description,supplementary material,jpeg
,,,noad265_suppl_supplementary_figure_s4.jpeg,https://www.ncbi.nlm.nih.gov/pmc/articles/PMC11066909/,https://pmc.ncbi.nlm.nih.gov/articles/instance/11066909/bin/noad265_suppl_supplementary_figure_s4.jpeg,No Title,local-data,sup4,noad265_suppl_Supplementary_Figure_S4,No description,supplementary material,jpeg
,,,noad265_suppl_supplementary_figure_s5.jpeg,https://www.ncbi.nlm.nih.gov/pmc/articles/PMC11066909/,https://pmc.ncbi.nlm.nih.gov/articles/instance/11066909/bin/noad265_suppl_supplementary_figure_s5.jpeg,No Title,local-data,sup5,noad265_suppl_Supplementary_Figure_S5,No description,supplementary material,jpeg
,,,noad265_suppl_supplementary_figure_s6.jpeg,https://www.ncbi.nlm.nih.gov/pmc/articles/PMC11066909/,https://pmc.ncbi.nlm.nih.gov/articles/instance/11066909/bin/noad265_suppl_supplementary_figure_s6.jpeg,No Title,local-data,sup6,noad265_suppl_Supplementary_Figure_S6,No description,supplementary material,jpeg
,,,noad265_suppl_supplementary_figure_s7.jpeg,https://www.ncbi.nlm.nih.gov/pmc/articles/PMC11066909/,https://pmc.ncbi.nlm.nih.gov/articles/instance/11066909/bin/noad265_suppl_supplementary_figure_s7.jpeg,No Title,local-data,sup7,noad265_suppl_Supplementary_Figure_S7,No description,supplementary material,jpeg
,,,noad265_suppl_supplementary_figure_s8.jpeg,https://www.ncbi.nlm.nih.gov/pmc/articles/PMC11066909/,https://pmc.ncbi.nlm.nih.gov/articles/instance/11066909/bin/noad265_suppl_supplementary_figure_s8.jpeg,No Title,local-data,sup8,noad265_suppl_Supplementary_Figure_S8,No description,supplementary material,jpeg
,,,noad265_suppl_supplementary_table_s1.xlsx,https://www.ncbi.nlm.nih.gov/pmc/articles/PMC11066909/,https://pmc.ncbi.nlm.nih.gov/articles/instance/11066909/bin/noad265_suppl_supplementary_table_s1.xlsx,No Title,local-data,sup9,noad265_suppl_Supplementary_Table_S1,No description,supplementary material,xlsx
,,,noad265_suppl_supplementary_table_s2.xlsx,https://www.ncbi.nlm.nih.gov/pmc/articles/PMC11066909/,https://pmc.ncbi.nlm.nih.gov/articles/instance/11066909/bin/noad265_suppl_supplementary_table_s2.xlsx,No Title,local-data,sup10,noad265_suppl_Supplementary_Table_S2,No description,supplementary material,xlsx
,,,noad265_suppl_supplementary_table_s3.xlsx,https://www.ncbi.nlm.nih.gov/pmc/articles/PMC11066909/,https://pmc.ncbi.nlm.nih.gov/articles/instance/11066909/bin/noad265_suppl_supplementary_table_s3.xlsx,No Title,local-data,sup11,noad265_suppl_Supplementary_Table_S3,No description,supplementary material,xlsx
,,,noad265_suppl_supplementary_table_s4.xlsx,https://www.ncbi.nlm.nih.gov/pmc/articles/PMC11066909/,https://pmc.ncbi.nlm.nih.gov/articles/instance/11066909/bin/noad265_suppl_supplementary_table_s4.xlsx,No Title,local-data,sup12,noad265_suppl_Supplementary_Table_S4,No description,supplementary material,xlsx
,,,noad265_suppl_supplementary_table_s5.xlsx,https://www.ncbi.nlm.nih.gov/pmc/articles/PMC11066909/,https://pmc.ncbi.nlm.nih.gov/articles/instance/11066909/bin/noad265_suppl_supplementary_table_s5.xlsx,No Title,local-data,sup13,noad265_suppl_Supplementary_Table_S5,No description,supplementary material,xlsx
,,,noad265_suppl_supplementary_table_s6.xlsx,https://www.ncbi.nlm.nih.gov/pmc/articles/PMC11066909/,https://pmc.ncbi.nlm.nih.gov/articles/instance/11066909/bin/noad265_suppl_supplementary_table_s6.xlsx,No Title,local-data,sup14,noad265_suppl_Supplementary_Table_S6,No description,supplementary material,xlsx
,,,noad265_suppl_supplementary_table_s7.xlsx,https://www.ncbi.nlm.nih.gov/pmc/articles/PMC11066909/,https://pmc.ncbi.nlm.nih.gov/articles/instance/11066909/bin/noad265_suppl_supplementary_table_s7.xlsx,No Title,local-data,sup15,noad265_suppl_Supplementary_Table_S7,No description,supplementary material,xlsx
JPST002506,https://proteomecentral.proteomexchange.org/cgi/GetDataset?ID=PXD049309,https://proteomecentral.proteomexchange.org/cgi/GetDataset?ID=JPST002506,,https://www.ncbi.nlm.nih.gov/pmc/articles/PMC11352417/,,,,,,,,
PXD049309,https://proteomecentral.proteomexchange.org/cgi/GetDataset?ID=PXD049309,https://proteomecentral.proteomexchange.org/cgi/GetDataset?ID=PXD049309,,https://www.ncbi.nlm.nih.gov/pmc/articles/PMC11352417/,,,,,,,,
"Please provide the ""Data Availability"" section of the scientific paper so I can process it and give you the requested information.",n/a,na,https://pmc.ncbi.nlm.nih.gov/articles/PMC11352417/#app1-biomolecules-14-00969,https://www.ncbi.nlm.nih.gov/pmc/articles/PMC11352417/,,,,,,,data_availability,
"Please provide the ""Data Availability"" section of the scientific paper so I can extract the dataset information.",n/a,na,https://proteomecentral.proteomexchange.org/cgi/GetDataset?ID=PXD049309,https://www.ncbi.nlm.nih.gov/pmc/articles/PMC11352417/,,,,,,,data_availability,
Please provide the Data Availability section so I can process it and give you the requested information.,n/a,na,https://pmc.ncbi.nlm.nih.gov/articles/PMC11352417/#app1-biomolecules-14-00969,https://www.ncbi.nlm.nih.gov/pmc/articles/PMC11352417/,,,,,,,data_availability,
Please provide the data availability section so I can process it and give you the requested information.,n/a,na,https://proteomecentral.proteomexchange.org/cgi/GetDataset?ID=PXD049309,https://www.ncbi.nlm.nih.gov/pmc/articles/PMC11352417/,,,,,,,data_availability,
PXD049309,https://proteomecentral.proteomexchange.org/cgi/GetDataset?ID=PXD049309,https://proteomecentral.proteomexchange.org/cgi/GetDataset?ID=PXD049309,n/a,https://www.ncbi.nlm.nih.gov/pmc/articles/PMC11352417/,,,,,"Data Availability Statement
All data generated or analyzed during this study are included in this published article and its Supplementary Information Files. The MS/MS raw data and analysis have been deposited in the ProteomeXchange Consortium via the jPOST partner repository with the data set identifier JPST002506 and PXD049309 (https://proteomecentral.proteomexchange.org/cgi/GetDataset?ID=PXD049309, accessed on 29 July 2024).",,data_availability,
PXD049309,https://proteomecentral.proteomexchange.org/cgi/GetDataset?ID=PXD049309,https://proteomecentral.proteomexchange.org/cgi/GetDataset?ID=PXD049309,n/a,https://www.ncbi.nlm.nih.gov/pmc/articles/PMC11352417/,,,,,"Data Availability Statement
All data generated or analyzed during this study are included in this published article and its Supplementary Information Files. The MS/MS raw data and analysis have been deposited in the ProteomeXchange Consortium via the jPOST partner repository with the data set identifier JPST002506 and PXD049309 (https://proteomecentral.proteomexchange.org/cgi/GetDataset?ID=PXD049309, accessed on 29 July 2024).",,data_availability,
,,,https://www.mdpi.com/article/10.3390/biom14080969/s1,https://www.ncbi.nlm.nih.gov/pmc/articles/PMC11352417/,,,,,,,supplementary_data,
,,,https://pmc.ncbi.nlm.nih.gov/articles/instance/11352417/bin/biomolecules-14-00969-s001.zip,https://www.ncbi.nlm.nih.gov/pmc/articles/PMC11352417/,,,,,,,supplementary_data,
,,,biomolecules-14-00969-s001.zip,https://www.ncbi.nlm.nih.gov/pmc/articles/PMC11352417/,https://pmc.ncbi.nlm.nih.gov/articles/instance/11352417/bin/biomolecules-14-00969-s001.zip,No Title,local-data,biomolecules-14-00969-s001,,No description,supplementary material,zip
PXD047284,https://www.proteomexchange.org,na,,https://www.ncbi.nlm.nih.gov/pmc/articles/PMC10855131/,,,,,,,,
Please provide the Data Availability section so I can process the information and give you the dataset details.,n/a,na,https://www.proteomexchange.org/,https://www.ncbi.nlm.nih.gov/pmc/articles/PMC10855131/,,,,,,,data_availability,
Please provide the data availability section so I can process the information and give you the requested output.,n/a,na,https://www.proteomexchange.org/,https://www.ncbi.nlm.nih.gov/pmc/articles/PMC10855131/,,,,,,,data_availability,
10.6019/PXD047284,https://www.proteomexchange.org,na,n/a,https://www.ncbi.nlm.nih.gov/pmc/articles/PMC10855131/,,,,,"Data Availability Statement
The mass spectrometry proteomics data have been deposited to the ProteomeXchange Consortium via the PRIDE partner repository with the dataset identifier PXD047284 and 10.6019/PXD047284 (https://www.proteomexchange.org, accessed on 1 January 2024).",,data_availability,
10.6019/PXD047284,https://www.proteomexchange.org,na,n/a,https://www.ncbi.nlm.nih.gov/pmc/articles/PMC10855131/,,,,,"Data Availability Statement
The mass spectrometry proteomics data have been deposited to the ProteomeXchange Consortium via the PRIDE partner repository with the dataset identifier PXD047284 and 10.6019/PXD047284 (https://www.proteomexchange.org, accessed on 1 January 2024).",,data_availability,
PXD042233,http://proteomecentral.proteomexchange.org/cgi/GetDataset?ID=PXD042233,https://proteomecentral.proteomexchange.org/cgi/GetDataset?ID=PXD042233,,https://www.ncbi.nlm.nih.gov/pmc/articles/PMC11208500/,,,,,,,,
n/a,n/a,na,,https://www.ncbi.nlm.nih.gov/pmc/articles/PMC11208500/,,,,,,,,
,,,41467_2024_48711_MOESM1_ESM.pdf,https://www.ncbi.nlm.nih.gov/pmc/articles/PMC11208500/,https://pmc.ncbi.nlm.nih.gov/articles/instance/11208500/bin/41467_2024_48711_MOESM1_ESM.pdf,No Title,local-data,MOESM1,Supplementary Information,Supplementary Information,supplementary material,pdf
,,,41467_2024_48711_MOESM2_ESM.pdf,https://www.ncbi.nlm.nih.gov/pmc/articles/PMC11208500/,https://pmc.ncbi.nlm.nih.gov/articles/instance/11208500/bin/41467_2024_48711_MOESM2_ESM.pdf,No Title,local-data,MOESM2,Reporting Summary,Reporting Summary,supplementary material,pdf
,,,41467_2024_48711_MOESM3_ESM.pdf,https://www.ncbi.nlm.nih.gov/pmc/articles/PMC11208500/,https://pmc.ncbi.nlm.nih.gov/articles/instance/11208500/bin/41467_2024_48711_MOESM3_ESM.pdf,No Title,local-data,MOESM3,Peer Review File,Peer Review File,supplementary material,pdf
,,,41467_2024_48711_MOESM4_ESM.xlsx,https://www.ncbi.nlm.nih.gov/pmc/articles/PMC11208500/,https://pmc.ncbi.nlm.nih.gov/articles/instance/11208500/bin/41467_2024_48711_MOESM4_ESM.xlsx,No Title,local-data,MOESM4,Supplementary Data 1,Supplementary Data 1,supplementary material,xlsx
,,,41467_2024_48711_MOESM5_ESM.xlsx,https://www.ncbi.nlm.nih.gov/pmc/articles/PMC11208500/,https://pmc.ncbi.nlm.nih.gov/articles/instance/11208500/bin/41467_2024_48711_MOESM5_ESM.xlsx,No Title,local-data,MOESM5,Supplementary Data 2,Supplementary Data 2,supplementary material,xlsx
,,,41467_2024_48711_MOESM6_ESM.xlsx,https://www.ncbi.nlm.nih.gov/pmc/articles/PMC11208500/,https://pmc.ncbi.nlm.nih.gov/articles/instance/11208500/bin/41467_2024_48711_MOESM6_ESM.xlsx,No Title,local-data,MOESM6,Supplementary Data 3,Supplementary Data 3,supplementary material,xlsx
,,,41467_2024_48711_MOESM7_ESM.xlsx,https://www.ncbi.nlm.nih.gov/pmc/articles/PMC11208500/,https://pmc.ncbi.nlm.nih.gov/articles/instance/11208500/bin/41467_2024_48711_MOESM7_ESM.xlsx,No Title,local-data,MOESM7,Supplementary Data 4,Supplementary Data 4,supplementary material,xlsx
,,,41467_2024_48711_MOESM8_ESM.xlsx,https://www.ncbi.nlm.nih.gov/pmc/articles/PMC11208500/,https://pmc.ncbi.nlm.nih.gov/articles/instance/11208500/bin/41467_2024_48711_MOESM8_ESM.xlsx,No Title,local-data,MOESM8,Supplementary Data 5,Supplementary Data 5,supplementary material,xlsx
,,,41467_2024_48711_MOESM9_ESM.xlsx,https://www.ncbi.nlm.nih.gov/pmc/articles/PMC11208500/,https://pmc.ncbi.nlm.nih.gov/articles/instance/11208500/bin/41467_2024_48711_MOESM9_ESM.xlsx,No Title,local-data,MOESM9,Supplementary Data 6,Supplementary Data 6,supplementary material,xlsx
,,,41467_2024_48711_MOESM10_ESM.xlsx,https://www.ncbi.nlm.nih.gov/pmc/articles/PMC11208500/,https://pmc.ncbi.nlm.nih.gov/articles/instance/11208500/bin/41467_2024_48711_MOESM10_ESM.xlsx,No Title,local-data,MOESM10,Supplementary Data 7,Supplementary Data 7,supplementary material,xlsx
,,,41467_2024_48711_MOESM11_ESM.xlsx,https://www.ncbi.nlm.nih.gov/pmc/articles/PMC11208500/,https://pmc.ncbi.nlm.nih.gov/articles/instance/11208500/bin/41467_2024_48711_MOESM11_ESM.xlsx,No Title,local-data,MOESM11,Supplementary Data 8,Supplementary Data 8,supplementary material,xlsx
,,,41467_2024_48711_MOESM12_ESM.xlsx,https://www.ncbi.nlm.nih.gov/pmc/articles/PMC11208500/,https://pmc.ncbi.nlm.nih.gov/articles/instance/11208500/bin/41467_2024_48711_MOESM12_ESM.xlsx,No Title,local-data,MOESM12,Supplementary Data 9,Supplementary Data 9,supplementary material,xlsx
,,,41467_2024_48711_MOESM13_ESM.xlsx,https://www.ncbi.nlm.nih.gov/pmc/articles/PMC11208500/,https://pmc.ncbi.nlm.nih.gov/articles/instance/11208500/bin/41467_2024_48711_MOESM13_ESM.xlsx,No Title,local-data,MOESM13,Supplementary Data 10,Supplementary Data 10,supplementary material,xlsx
,,,41467_2024_48711_MOESM14_ESM.xlsx,https://www.ncbi.nlm.nih.gov/pmc/articles/PMC11208500/,https://pmc.ncbi.nlm.nih.gov/articles/instance/11208500/bin/41467_2024_48711_MOESM14_ESM.xlsx,No Title,local-data,MOESM14,Supplementary Data 11,Supplementary Data 11,supplementary material,xlsx
,,,41467_2024_48711_MOESM15_ESM.xlsx,https://www.ncbi.nlm.nih.gov/pmc/articles/PMC11208500/,https://pmc.ncbi.nlm.nih.gov/articles/instance/11208500/bin/41467_2024_48711_MOESM15_ESM.xlsx,No Title,local-data,MOESM15,Supplementary Data 12,Supplementary Data 12,supplementary material,xlsx
,,,41467_2024_48711_MOESM16_ESM.xlsx,https://www.ncbi.nlm.nih.gov/pmc/articles/PMC11208500/,https://pmc.ncbi.nlm.nih.gov/articles/instance/11208500/bin/41467_2024_48711_MOESM16_ESM.xlsx,No Title,local-data,MOESM16,Supplementary Data 13,Supplementary Data 13,supplementary material,xlsx
,,,41467_2024_48711_MOESM17_ESM.xlsx,https://www.ncbi.nlm.nih.gov/pmc/articles/PMC11208500/,https://pmc.ncbi.nlm.nih.gov/articles/instance/11208500/bin/41467_2024_48711_MOESM17_ESM.xlsx,No Title,local-data,MOESM17,Supplementary Data 14,Supplementary Data 14,supplementary material,xlsx
,,,41467_2024_48711_MOESM18_ESM.xlsx,https://www.ncbi.nlm.nih.gov/pmc/articles/PMC11208500/,https://pmc.ncbi.nlm.nih.gov/articles/instance/11208500/bin/41467_2024_48711_MOESM18_ESM.xlsx,No Title,local-data,MOESM18,Source Data,Source Data,supplementary material,xlsx
,,,41467_2024_48711_MOESM1_ESM.pdf,https://www.ncbi.nlm.nih.gov/pmc/articles/PMC11208500/,https://pmc.ncbi.nlm.nih.gov/articles/instance/11208500/bin/41467_2024_48711_MOESM1_ESM.pdf,No Title,local-data,MOESM1,Supplementary Information,Supplementary Information,supplementary material,pdf
,,,41467_2024_48711_MOESM2_ESM.pdf,https://www.ncbi.nlm.nih.gov/pmc/articles/PMC11208500/,https://pmc.ncbi.nlm.nih.gov/articles/instance/11208500/bin/41467_2024_48711_MOESM2_ESM.pdf,No Title,local-data,MOESM2,Reporting Summary,Reporting Summary,supplementary material,pdf
,,,41467_2024_48711_MOESM3_ESM.pdf,https://www.ncbi.nlm.nih.gov/pmc/articles/PMC11208500/,https://pmc.ncbi.nlm.nih.gov/articles/instance/11208500/bin/41467_2024_48711_MOESM3_ESM.pdf,No Title,local-data,MOESM3,Peer Review File,Peer Review File,supplementary material,pdf
,,,41467_2024_48711_MOESM4_ESM.xlsx,https://www.ncbi.nlm.nih.gov/pmc/articles/PMC11208500/,https://pmc.ncbi.nlm.nih.gov/articles/instance/11208500/bin/41467_2024_48711_MOESM4_ESM.xlsx,No Title,local-data,MOESM4,Supplementary Data 1,Supplementary Data 1,supplementary material,xlsx
,,,41467_2024_48711_MOESM5_ESM.xlsx,https://www.ncbi.nlm.nih.gov/pmc/articles/PMC11208500/,https://pmc.ncbi.nlm.nih.gov/articles/instance/11208500/bin/41467_2024_48711_MOESM5_ESM.xlsx,No Title,local-data,MOESM5,Supplementary Data 2,Supplementary Data 2,supplementary material,xlsx
,,,41467_2024_48711_MOESM6_ESM.xlsx,https://www.ncbi.nlm.nih.gov/pmc/articles/PMC11208500/,https://pmc.ncbi.nlm.nih.gov/articles/instance/11208500/bin/41467_2024_48711_MOESM6_ESM.xlsx,No Title,local-data,MOESM6,Supplementary Data 3,Supplementary Data 3,supplementary material,xlsx
,,,41467_2024_48711_MOESM7_ESM.xlsx,https://www.ncbi.nlm.nih.gov/pmc/articles/PMC11208500/,https://pmc.ncbi.nlm.nih.gov/articles/instance/11208500/bin/41467_2024_48711_MOESM7_ESM.xlsx,No Title,local-data,MOESM7,Supplementary Data 4,Supplementary Data 4,supplementary material,xlsx
,,,41467_2024_48711_MOESM8_ESM.xlsx,https://www.ncbi.nlm.nih.gov/pmc/articles/PMC11208500/,https://pmc.ncbi.nlm.nih.gov/articles/instance/11208500/bin/41467_2024_48711_MOESM8_ESM.xlsx,No Title,local-data,MOESM8,Supplementary Data 5,Supplementary Data 5,supplementary material,xlsx
,,,41467_2024_48711_MOESM9_ESM.xlsx,https://www.ncbi.nlm.nih.gov/pmc/articles/PMC11208500/,https://pmc.ncbi.nlm.nih.gov/articles/instance/11208500/bin/41467_2024_48711_MOESM9_ESM.xlsx,No Title,local-data,MOESM9,Supplementary Data 6,Supplementary Data 6,supplementary material,xlsx
,,,41467_2024_48711_MOESM10_ESM.xlsx,https://www.ncbi.nlm.nih.gov/pmc/articles/PMC11208500/,https://pmc.ncbi.nlm.nih.gov/articles/instance/11208500/bin/41467_2024_48711_MOESM10_ESM.xlsx,No Title,local-data,MOESM10,Supplementary Data 7,Supplementary Data 7,supplementary material,xlsx
,,,41467_2024_48711_MOESM11_ESM.xlsx,https://www.ncbi.nlm.nih.gov/pmc/articles/PMC11208500/,https://pmc.ncbi.nlm.nih.gov/articles/instance/11208500/bin/41467_2024_48711_MOESM11_ESM.xlsx,No Title,local-data,MOESM11,Supplementary Data 8,Supplementary Data 8,supplementary material,xlsx
,,,41467_2024_48711_MOESM12_ESM.xlsx,https://www.ncbi.nlm.nih.gov/pmc/articles/PMC11208500/,https://pmc.ncbi.nlm.nih.gov/articles/instance/11208500/bin/41467_2024_48711_MOESM12_ESM.xlsx,No Title,local-data,MOESM12,Supplementary Data 9,Supplementary Data 9,supplementary material,xlsx
,,,41467_2024_48711_MOESM13_ESM.xlsx,https://www.ncbi.nlm.nih.gov/pmc/articles/PMC11208500/,https://pmc.ncbi.nlm.nih.gov/articles/instance/11208500/bin/41467_2024_48711_MOESM13_ESM.xlsx,No Title,local-data,MOESM13,Supplementary Data 10,Supplementary Data 10,supplementary material,xlsx
,,,41467_2024_48711_MOESM14_ESM.xlsx,https://www.ncbi.nlm.nih.gov/pmc/articles/PMC11208500/,https://pmc.ncbi.nlm.nih.gov/articles/instance/11208500/bin/41467_2024_48711_MOESM14_ESM.xlsx,No Title,local-data,MOESM14,Supplementary Data 11,Supplementary Data 11,supplementary material,xlsx
,,,41467_2024_48711_MOESM15_ESM.xlsx,https://www.ncbi.nlm.nih.gov/pmc/articles/PMC11208500/,https://pmc.ncbi.nlm.nih.gov/articles/instance/11208500/bin/41467_2024_48711_MOESM15_ESM.xlsx,No Title,local-data,MOESM15,Supplementary Data 12,Supplementary Data 12,supplementary material,xlsx
,,,41467_2024_48711_MOESM16_ESM.xlsx,https://www.ncbi.nlm.nih.gov/pmc/articles/PMC11208500/,https://pmc.ncbi.nlm.nih.gov/articles/instance/11208500/bin/41467_2024_48711_MOESM16_ESM.xlsx,No Title,local-data,MOESM16,Supplementary Data 13,Supplementary Data 13,supplementary material,xlsx
,,,41467_2024_48711_MOESM17_ESM.xlsx,https://www.ncbi.nlm.nih.gov/pmc/articles/PMC11208500/,https://pmc.ncbi.nlm.nih.gov/articles/instance/11208500/bin/41467_2024_48711_MOESM17_ESM.xlsx,No Title,local-data,MOESM17,Supplementary Data 14,Supplementary Data 14,supplementary material,xlsx
,,,41467_2024_48711_MOESM18_ESM.xlsx,https://www.ncbi.nlm.nih.gov/pmc/articles/PMC11208500/,https://pmc.ncbi.nlm.nih.gov/articles/instance/11208500/bin/41467_2024_48711_MOESM18_ESM.xlsx,No Title,local-data,MOESM18,Source Data,Source Data,supplementary material,xlsx
PDC IDs from  https://pdc.cancer.gov/pdc/,https://pdc.cancer.gov/pdc/,na,,https://www.ncbi.nlm.nih.gov/pmc/articles/PMC11129317/,,,,,,,,
,,,mmc1.pdf,https://www.ncbi.nlm.nih.gov/pmc/articles/PMC11129317/,https://pmc.ncbi.nlm.nih.gov/articles/instance/11129317/bin/mmc1.pdf,Document S1. Figures S1–S6,local-data,mmc1,Document S1. Figures S1–S6,No description,supplementary material,pdf
,,,mmc2.zip,https://www.ncbi.nlm.nih.gov/pmc/articles/PMC11129317/,https://pmc.ncbi.nlm.nih.gov/articles/instance/11129317/bin/mmc2.zip,File S1. Detailed Philosopher parameters for substitutant library scanning,local-data,mmc2,File S1. Detailed Philosopher parameters for substitutant library scanning,No description,supplementary material,zip
,,,mmc3.xlsx,https://www.ncbi.nlm.nih.gov/pmc/articles/PMC11129317/,https://pmc.ncbi.nlm.nih.gov/articles/instance/11129317/bin/mmc3.xlsx,"Table S1. Identified arginine to all other amino acid substitution peptides in different cancers, related to Figure 1",local-data,mmc3,"Table S1. Identified arginine to all other amino acid substitution peptides in different cancers, related to Figure 1",No description,supplementary material,xlsx
,,,mmc4.xlsx,https://www.ncbi.nlm.nih.gov/pmc/articles/PMC11129317/,https://pmc.ncbi.nlm.nih.gov/articles/instance/11129317/bin/mmc4.xlsx,"Table S2. Arginine-to-cysteine substitutants with codon-specific analysis in LSCC, related to Figure 3",local-data,mmc4,"Table S2. Arginine-to-cysteine substitutants with codon-specific analysis in LSCC, related to Figure 3",No description,supplementary material,xlsx
,,,mmc5.xlsx,https://www.ncbi.nlm.nih.gov/pmc/articles/PMC11129317/,https://pmc.ncbi.nlm.nih.gov/articles/instance/11129317/bin/mmc5.xlsx,"Table S3. Arginine substitutants codon-specific analysis in different cancers, related to Figure 1",local-data,mmc5,"Table S3. Arginine substitutants codon-specific analysis in different cancers, related to Figure 1",No description,supplementary material,xlsx
,,,mmc6.xlsx,https://www.ncbi.nlm.nih.gov/pmc/articles/PMC11129317/,https://pmc.ncbi.nlm.nih.gov/articles/instance/11129317/bin/mmc6.xlsx,"Table S4. Proteomic analysis of MDA-MB-231 cells treated with arginine depletion, related to Figure 4",local-data,mmc6,"Table S4. Proteomic analysis of MDA-MB-231 cells treated with arginine depletion, related to Figure 4",No description,supplementary material,xlsx
,,,mmc7.xlsx,https://www.ncbi.nlm.nih.gov/pmc/articles/PMC11129317/,https://pmc.ncbi.nlm.nih.gov/articles/instance/11129317/bin/mmc7.xlsx,"Table S5. Ontology-enrichment analysis of arginine-to-cysteine substitutants, related to Figure 5",local-data,mmc7,"Table S5. Ontology-enrichment analysis of arginine-to-cysteine substitutants, related to Figure 5",No description,supplementary material,xlsx
,,,mmc8.xlsx,https://www.ncbi.nlm.nih.gov/pmc/articles/PMC11129317/,https://pmc.ncbi.nlm.nih.gov/articles/instance/11129317/bin/mmc8.xlsx,"Table S6. Proteomics analysis of A549 cells treated with arginine depletion, related to Figure 5",local-data,mmc8,"Table S6. Proteomics analysis of A549 cells treated with arginine depletion, related to Figure 5",No description,supplementary material,xlsx
,,,mmc9.xlsx,https://www.ncbi.nlm.nih.gov/pmc/articles/PMC11129317/,https://pmc.ncbi.nlm.nih.gov/articles/instance/11129317/bin/mmc9.xlsx,"Table S7. DNA fragments of the plasmids used in this study, related to Figures 3, 4, and 5",local-data,mmc9,"Table S7. DNA fragments of the plasmids used in this study, related to Figures 3, 4, and 5",No description,supplementary material,xlsx
,,,mmc10.pdf,https://www.ncbi.nlm.nih.gov/pmc/articles/PMC11129317/,https://pmc.ncbi.nlm.nih.gov/articles/instance/11129317/bin/mmc10.pdf,Document S2. Article plus supplemental information,local-data,mmc10,Document S2. Article plus supplemental information,No description,supplementary material,pdf
,,,mmc1.pdf,https://www.ncbi.nlm.nih.gov/pmc/articles/PMC11129317/,https://pmc.ncbi.nlm.nih.gov/articles/instance/11129317/bin/mmc1.pdf,Document S1. Figures S1–S6,local-data,mmc1,Document S1. Figures S1–S6,No description,supplementary material,pdf
,,,mmc2.zip,https://www.ncbi.nlm.nih.gov/pmc/articles/PMC11129317/,https://pmc.ncbi.nlm.nih.gov/articles/instance/11129317/bin/mmc2.zip,File S1. Detailed Philosopher parameters for substitutant library scanning,local-data,mmc2,File S1. Detailed Philosopher parameters for substitutant library scanning,No description,supplementary material,zip
,,,mmc3.xlsx,https://www.ncbi.nlm.nih.gov/pmc/articles/PMC11129317/,https://pmc.ncbi.nlm.nih.gov/articles/instance/11129317/bin/mmc3.xlsx,"Table S1. Identified arginine to all other amino acid substitution peptides in different cancers, related to Figure 1",local-data,mmc3,"Table S1. Identified arginine to all other amino acid substitution peptides in different cancers, related to Figure 1",No description,supplementary material,xlsx
,,,mmc4.xlsx,https://www.ncbi.nlm.nih.gov/pmc/articles/PMC11129317/,https://pmc.ncbi.nlm.nih.gov/articles/instance/11129317/bin/mmc4.xlsx,"Table S2. Arginine-to-cysteine substitutants with codon-specific analysis in LSCC, related to Figure 3",local-data,mmc4,"Table S2. Arginine-to-cysteine substitutants with codon-specific analysis in LSCC, related to Figure 3",No description,supplementary material,xlsx
,,,mmc5.xlsx,https://www.ncbi.nlm.nih.gov/pmc/articles/PMC11129317/,https://pmc.ncbi.nlm.nih.gov/articles/instance/11129317/bin/mmc5.xlsx,"Table S3. Arginine substitutants codon-specific analysis in different cancers, related to Figure 1",local-data,mmc5,"Table S3. Arginine substitutants codon-specific analysis in different cancers, related to Figure 1",No description,supplementary material,xlsx
,,,mmc6.xlsx,https://www.ncbi.nlm.nih.gov/pmc/articles/PMC11129317/,https://pmc.ncbi.nlm.nih.gov/articles/instance/11129317/bin/mmc6.xlsx,"Table S4. Proteomic analysis of MDA-MB-231 cells treated with arginine depletion, related to Figure 4",local-data,mmc6,"Table S4. Proteomic analysis of MDA-MB-231 cells treated with arginine depletion, related to Figure 4",No description,supplementary material,xlsx
,,,mmc7.xlsx,https://www.ncbi.nlm.nih.gov/pmc/articles/PMC11129317/,https://pmc.ncbi.nlm.nih.gov/articles/instance/11129317/bin/mmc7.xlsx,"Table S5. Ontology-enrichment analysis of arginine-to-cysteine substitutants, related to Figure 5",local-data,mmc7,"Table S5. Ontology-enrichment analysis of arginine-to-cysteine substitutants, related to Figure 5",No description,supplementary material,xlsx
,,,mmc8.xlsx,https://www.ncbi.nlm.nih.gov/pmc/articles/PMC11129317/,https://pmc.ncbi.nlm.nih.gov/articles/instance/11129317/bin/mmc8.xlsx,"Table S6. Proteomics analysis of A549 cells treated with arginine depletion, related to Figure 5",local-data,mmc8,"Table S6. Proteomics analysis of A549 cells treated with arginine depletion, related to Figure 5",No description,supplementary material,xlsx
,,,mmc9.xlsx,https://www.ncbi.nlm.nih.gov/pmc/articles/PMC11129317/,https://pmc.ncbi.nlm.nih.gov/articles/instance/11129317/bin/mmc9.xlsx,"Table S7. DNA fragments of the plasmids used in this study, related to Figures 3, 4, and 5",local-data,mmc9,"Table S7. DNA fragments of the plasmids used in this study, related to Figures 3, 4, and 5",No description,supplementary material,xlsx
,,,mmc10.pdf,https://www.ncbi.nlm.nih.gov/pmc/articles/PMC11129317/,https://pmc.ncbi.nlm.nih.gov/articles/instance/11129317/bin/mmc10.pdf,Document S2. Article plus supplemental information,local-data,mmc10,Document S2. Article plus supplemental information,No description,supplementary material,pdf
IPX0004230000,http://www.iprox.org,na,,https://www.ncbi.nlm.nih.gov/pmc/articles/PMC11423856/,,,,,,,,
,,,https://pmc.ncbi.nlm.nih.gov/articles/instance/11423856/bin/qzae033_supplementary_data.zip,https://www.ncbi.nlm.nih.gov/pmc/articles/PMC11423856/,,,,,,,supplementary_data,
,,,qzae033_supplementary_data.zip,https://www.ncbi.nlm.nih.gov/pmc/articles/PMC11423856/,https://pmc.ncbi.nlm.nih.gov/articles/instance/11423856/bin/qzae033_supplementary_data.zip,No Title,local-data,sup1,qzae033_Supplementary_Data,No description,supplementary material,zip
,,,qzae033_supplementary_data.zip,https://www.ncbi.nlm.nih.gov/pmc/articles/PMC11423856/,https://pmc.ncbi.nlm.nih.gov/articles/instance/11423856/bin/qzae033_supplementary_data.zip,No Title,local-data,sup1,qzae033_Supplementary_Data,No description,supplementary material,zip
n/a,n/a,na,,https://www.ncbi.nlm.nih.gov/pmc/articles/PMC11015306/,,,,,,,,
n/a,n/a,na,n/a,https://www.ncbi.nlm.nih.gov/pmc/articles/PMC11015306/,,,,,"Data Availability Statement
Data are available in a public, open access repository.",,data_availability,
,,,jitc-2023-007588supp001.pdf,https://www.ncbi.nlm.nih.gov/pmc/articles/PMC11015306/,https://pmc.ncbi.nlm.nih.gov/articles/instance/11015306/bin/jitc-2023-007588supp001.pdf,No Title,local-data,SS1,,,supplementary material inline,pdf
,,,jitc-2023-007588supp002.pdf,https://www.ncbi.nlm.nih.gov/pmc/articles/PMC11015306/,https://pmc.ncbi.nlm.nih.gov/articles/instance/11015306/bin/jitc-2023-007588supp002.pdf,No Title,local-data,SS2,,,supplementary material inline,pdf
,,,jitc-2023-007588supp003.pdf,https://www.ncbi.nlm.nih.gov/pmc/articles/PMC11015306/,https://pmc.ncbi.nlm.nih.gov/articles/instance/11015306/bin/jitc-2023-007588supp003.pdf,No Title,local-data,SS3,,,supplementary material inline,pdf
MSV000092248,http://proteomecentral.proteomexchange.org,na,,https://www.ncbi.nlm.nih.gov/pmc/articles/PMC11062922/,,,,,,,,
7ZWE,http://www.proteomicsdb.org,na,,https://www.ncbi.nlm.nih.gov/pmc/articles/PMC11062922/,,,,,,,,
7A4Q,https://doi.org/10.2210/pdb7A4Q/pdb,na,,https://www.ncbi.nlm.nih.gov/pmc/articles/PMC11062922/,,,,,,,,
7ZWG,https://doi.org/10.2210/pdb7ZWG/pdb,na,,https://www.ncbi.nlm.nih.gov/pmc/articles/PMC11062922/,,,,,,,,
,,,41589_2023_1459_MOESM1_ESM.pdf,https://www.ncbi.nlm.nih.gov/pmc/articles/PMC11062922/,https://pmc.ncbi.nlm.nih.gov/articles/instance/11062922/bin/41589_2023_1459_MOESM1_ESM.pdf,No Title,local-data,MOESM1,Reporting Summary,Reporting Summary,supplementary material,pdf
,,,41589_2023_1459_MOESM2_ESM.xlsx,https://www.ncbi.nlm.nih.gov/pmc/articles/PMC11062922/,https://pmc.ncbi.nlm.nih.gov/articles/instance/11062922/bin/41589_2023_1459_MOESM2_ESM.xlsx,No Title,local-data,MOESM2,Supplementary Table 1 Compound annotation.,Compound annotation.,supplementary material,xlsx
,,,41589_2023_1459_MOESM3_ESM.xlsx,https://www.ncbi.nlm.nih.gov/pmc/articles/PMC11062922/,https://pmc.ncbi.nlm.nih.gov/articles/instance/11062922/bin/41589_2023_1459_MOESM3_ESM.xlsx,No Title,local-data,MOESM3,Supplementary Table 2 Drug matrix of target affinity values.,Drug matrix of target affinity values.,supplementary material,xlsx
,,,41589_2023_1459_MOESM4_ESM.xlsx,https://www.ncbi.nlm.nih.gov/pmc/articles/PMC11062922/,https://pmc.ncbi.nlm.nih.gov/articles/instance/11062922/bin/41589_2023_1459_MOESM4_ESM.xlsx,No Title,local-data,MOESM4,Supplementary Table 3 Selectivities of tool compounds.,Selectivities of tool compounds.,supplementary material,xlsx
,,,41589_2023_1459_MOESM5_ESM.xlsx,https://www.ncbi.nlm.nih.gov/pmc/articles/PMC11062922/,https://pmc.ncbi.nlm.nih.gov/articles/instance/11062922/bin/41589_2023_1459_MOESM5_ESM.xlsx,No Title,local-data,MOESM5,Supplementary Table 4 Results related to CK2 follow-up experiments.,Results related to CK2 follow-up experiments.,supplementary material,xlsx
,,,41589_2023_1459_MOESM6_ESM.xlsx,https://www.ncbi.nlm.nih.gov/pmc/articles/PMC11062922/,https://pmc.ncbi.nlm.nih.gov/articles/instance/11062922/bin/41589_2023_1459_MOESM6_ESM.xlsx,No Title,local-data,MOESM6,Supplementary Table 5 Results related to PKN3 follow-up experiments.,Results related to PKN3 follow-up experiments.,supplementary material,xlsx
,,,41589_2023_1459_MOESM7_ESM.pdf,https://www.ncbi.nlm.nih.gov/pmc/articles/PMC11062922/,https://pmc.ncbi.nlm.nih.gov/articles/instance/11062922/bin/41589_2023_1459_MOESM7_ESM.pdf,No Title,local-data,MOESM7,Source Data Fig. 3 Unprocessed western blots.,Unprocessed western blots.,supplementary material,pdf
,,,41589_2023_1459_MOESM8_ESM.pdf,https://www.ncbi.nlm.nih.gov/pmc/articles/PMC11062922/,https://pmc.ncbi.nlm.nih.gov/articles/instance/11062922/bin/41589_2023_1459_MOESM8_ESM.pdf,No Title,local-data,MOESM8,Source Data Extended Data Fig. 4 Unprocessed western blots.,Unprocessed western blots.,supplementary material,pdf
,,,41589_2023_1459_MOESM1_ESM.pdf,https://www.ncbi.nlm.nih.gov/pmc/articles/PMC11062922/,https://pmc.ncbi.nlm.nih.gov/articles/instance/11062922/bin/41589_2023_1459_MOESM1_ESM.pdf,No Title,local-data,MOESM1,Reporting Summary,Reporting Summary,supplementary material,pdf
,,,41589_2023_1459_MOESM2_ESM.xlsx,https://www.ncbi.nlm.nih.gov/pmc/articles/PMC11062922/,https://pmc.ncbi.nlm.nih.gov/articles/instance/11062922/bin/41589_2023_1459_MOESM2_ESM.xlsx,No Title,local-data,MOESM2,Supplementary Table 1 Compound annotation.,Compound annotation.,supplementary material,xlsx
,,,41589_2023_1459_MOESM3_ESM.xlsx,https://www.ncbi.nlm.nih.gov/pmc/articles/PMC11062922/,https://pmc.ncbi.nlm.nih.gov/articles/instance/11062922/bin/41589_2023_1459_MOESM3_ESM.xlsx,No Title,local-data,MOESM3,Supplementary Table 2 Drug matrix of target affinity values.,Drug matrix of target affinity values.,supplementary material,xlsx
,,,41589_2023_1459_MOESM4_ESM.xlsx,https://www.ncbi.nlm.nih.gov/pmc/articles/PMC11062922/,https://pmc.ncbi.nlm.nih.gov/articles/instance/11062922/bin/41589_2023_1459_MOESM4_ESM.xlsx,No Title,local-data,MOESM4,Supplementary Table 3 Selectivities of tool compounds.,Selectivities of tool compounds.,supplementary material,xlsx
,,,41589_2023_1459_MOESM5_ESM.xlsx,https://www.ncbi.nlm.nih.gov/pmc/articles/PMC11062922/,https://pmc.ncbi.nlm.nih.gov/articles/instance/11062922/bin/41589_2023_1459_MOESM5_ESM.xlsx,No Title,local-data,MOESM5,Supplementary Table 4 Results related to CK2 follow-up experiments.,Results related to CK2 follow-up experiments.,supplementary material,xlsx
,,,41589_2023_1459_MOESM6_ESM.xlsx,https://www.ncbi.nlm.nih.gov/pmc/articles/PMC11062922/,https://pmc.ncbi.nlm.nih.gov/articles/instance/11062922/bin/41589_2023_1459_MOESM6_ESM.xlsx,No Title,local-data,MOESM6,Supplementary Table 5 Results related to PKN3 follow-up experiments.,Results related to PKN3 follow-up experiments.,supplementary material,xlsx
,,,41589_2023_1459_MOESM7_ESM.pdf,https://www.ncbi.nlm.nih.gov/pmc/articles/PMC11062922/,https://pmc.ncbi.nlm.nih.gov/articles/instance/11062922/bin/41589_2023_1459_MOESM7_ESM.pdf,No Title,local-data,MOESM7,Source Data Fig. 3 Unprocessed western blots.,Unprocessed western blots.,supplementary material,pdf
,,,41589_2023_1459_MOESM8_ESM.pdf,https://www.ncbi.nlm.nih.gov/pmc/articles/PMC11062922/,https://pmc.ncbi.nlm.nih.gov/articles/instance/11062922/bin/41589_2023_1459_MOESM8_ESM.pdf,No Title,local-data,MOESM8,Source Data Extended Data Fig. 4 Unprocessed western blots.,Unprocessed western blots.,supplementary material,pdf
