dataset_identifier,data_repository,source_section,dataset_webpage,link,source_url,download_link,title,content_type,id,surrounding_text,description,file_extension
PXD053567,http://www.ebi.ac.uk/pride/archive/,data_availability,https://www.ebi.ac.uk/pride/archive/projects/PXD053567,,https://www.ncbi.nlm.nih.gov/pmc/articles/PMC11252349/,,,,,,,
,,supplementary material,,41598_2024_67079_MOESM1_ESM.zip,https://www.ncbi.nlm.nih.gov/pmc/articles/PMC11252349/,https://pmc.ncbi.nlm.nih.gov/articles/instance/11252349/bin/41598_2024_67079_MOESM1_ESM.zip,No Title,local-data,MOESM1,Supplementary Information.,Supplementary Information.,zip
MSV000092944,massive.ucsd.edu,,https://massive.ucsd.edu/ProteoSAFe/dataset.jsp?accession=MSV000092944,,https://www.ncbi.nlm.nih.gov/pmc/articles/PMC11425778/,,,,,,,
,,supplementary_data_elements,,https://pmc.ncbi.nlm.nih.gov/articles/instance/11425778/bin/NIHMS2020672-supplement-SI.pdf,https://www.ncbi.nlm.nih.gov/pmc/articles/PMC11425778/,https://pmc.ncbi.nlm.nih.gov/articles/instance/11425778/bin/https://pmc.ncbi.nlm.nih.gov/articles/instance/11425778/bin/NIHMS2020672-supplement-SI.pdf,,,,,,pdf
PXD052949,https://www.proteomexchange.org/,data_availability,https://proteomecentral.proteomexchange.org/cgi/GetDataset?ID=PXD052949,,https://www.ncbi.nlm.nih.gov/pmc/articles/PMC11320025/,,,,,,,
,,supplementary_data_elements,,https://pmc.ncbi.nlm.nih.gov/articles/instance/11320025/bin/crc-24-0113_supplementary_methods_s1_suppsm1.pdf,https://www.ncbi.nlm.nih.gov/pmc/articles/PMC11320025/,https://pmc.ncbi.nlm.nih.gov/articles/instance/11320025/bin/https://pmc.ncbi.nlm.nih.gov/articles/instance/11320025/bin/crc-24-0113_supplementary_methods_s1_suppsm1.pdf,,,,,,pdf
,,supplementary_data_elements,,https://pmc.ncbi.nlm.nih.gov/articles/instance/11320025/bin/crc-24-0113_supplementary_validation_data_s1_suppsd1.pdf,https://www.ncbi.nlm.nih.gov/pmc/articles/PMC11320025/,https://pmc.ncbi.nlm.nih.gov/articles/instance/11320025/bin/https://pmc.ncbi.nlm.nih.gov/articles/instance/11320025/bin/crc-24-0113_supplementary_validation_data_s1_suppsd1.pdf,,,,,,pdf
,,supplementary_data_elements,,https://pmc.ncbi.nlm.nih.gov/articles/instance/11320025/bin/crc-24-0113_supplementary_validation_data_s2_suppsd2.pdf,https://www.ncbi.nlm.nih.gov/pmc/articles/PMC11320025/,https://pmc.ncbi.nlm.nih.gov/articles/instance/11320025/bin/https://pmc.ncbi.nlm.nih.gov/articles/instance/11320025/bin/crc-24-0113_supplementary_validation_data_s2_suppsd2.pdf,,,,,,pdf
,,supplementary_data_elements,,https://pmc.ncbi.nlm.nih.gov/articles/instance/11320025/bin/crc-24-0113_supplementary_figure_s1_suppsf1.pdf,https://www.ncbi.nlm.nih.gov/pmc/articles/PMC11320025/,https://pmc.ncbi.nlm.nih.gov/articles/instance/11320025/bin/https://pmc.ncbi.nlm.nih.gov/articles/instance/11320025/bin/crc-24-0113_supplementary_figure_s1_suppsf1.pdf,,,,,,pdf
,,supplementary_data_elements,,https://pmc.ncbi.nlm.nih.gov/articles/instance/11320025/bin/crc-24-0113_supplementary_figure_s2_suppsf2.pdf,https://www.ncbi.nlm.nih.gov/pmc/articles/PMC11320025/,https://pmc.ncbi.nlm.nih.gov/articles/instance/11320025/bin/https://pmc.ncbi.nlm.nih.gov/articles/instance/11320025/bin/crc-24-0113_supplementary_figure_s2_suppsf2.pdf,,,,,,pdf
,,supplementary_data_elements,,https://pmc.ncbi.nlm.nih.gov/articles/instance/11320025/bin/crc-24-0113_supplementary_figure_s3_suppsf3.pdf,https://www.ncbi.nlm.nih.gov/pmc/articles/PMC11320025/,https://pmc.ncbi.nlm.nih.gov/articles/instance/11320025/bin/https://pmc.ncbi.nlm.nih.gov/articles/instance/11320025/bin/crc-24-0113_supplementary_figure_s3_suppsf3.pdf,,,,,,pdf
,,supplementary_data_elements,,https://pmc.ncbi.nlm.nih.gov/articles/instance/11320025/bin/crc-24-0113_supplementary_figure_s4_suppsf4.pdf,https://www.ncbi.nlm.nih.gov/pmc/articles/PMC11320025/,https://pmc.ncbi.nlm.nih.gov/articles/instance/11320025/bin/https://pmc.ncbi.nlm.nih.gov/articles/instance/11320025/bin/crc-24-0113_supplementary_figure_s4_suppsf4.pdf,,,,,,pdf
,,supplementary_data_elements,,https://pmc.ncbi.nlm.nih.gov/articles/instance/11320025/bin/crc-24-0113_supplementary_table_s1_suppst1.pdf,https://www.ncbi.nlm.nih.gov/pmc/articles/PMC11320025/,https://pmc.ncbi.nlm.nih.gov/articles/instance/11320025/bin/https://pmc.ncbi.nlm.nih.gov/articles/instance/11320025/bin/crc-24-0113_supplementary_table_s1_suppst1.pdf,,,,,,pdf
,,supplementary_data_elements,,https://pmc.ncbi.nlm.nih.gov/articles/instance/11320025/bin/crc-24-0113_supplementary_table_s2_suppst2.pdf,https://www.ncbi.nlm.nih.gov/pmc/articles/PMC11320025/,https://pmc.ncbi.nlm.nih.gov/articles/instance/11320025/bin/https://pmc.ncbi.nlm.nih.gov/articles/instance/11320025/bin/crc-24-0113_supplementary_table_s2_suppst2.pdf,,,,,,pdf
,,supplementary_data_elements,,https://pmc.ncbi.nlm.nih.gov/articles/instance/11320025/bin/crc-24-0113_supplementary_table_s3_suppst3.pdf,https://www.ncbi.nlm.nih.gov/pmc/articles/PMC11320025/,https://pmc.ncbi.nlm.nih.gov/articles/instance/11320025/bin/https://pmc.ncbi.nlm.nih.gov/articles/instance/11320025/bin/crc-24-0113_supplementary_table_s3_suppst3.pdf,,,,,,pdf
,,supplementary material,,crc-24-0113_supplementary_methods_s1_suppsm1.pdf,https://www.ncbi.nlm.nih.gov/pmc/articles/PMC11320025/,https://pmc.ncbi.nlm.nih.gov/articles/instance/11320025/bin/crc-24-0113_supplementary_methods_s1_suppsm1.pdf,No Title,local-data,No ID,"Supplementary Methods S1 
         
           Supplemental Materials and Methods concerning patient samples, cell lines, tissue culture, iMALDI-MS, Nano-LC-Orbitrap-MS, LC-MRM-MS","Supplemental Materials and Methods concerning patient samples, cell lines, tissue culture, iMALDI-MS, Nano-LC-Orbitrap-MS, LC-MRM-MS",pdf
,,supplementary material,,crc-24-0113_supplementary_validation_data_s1_suppsd1.pdf,https://www.ncbi.nlm.nih.gov/pmc/articles/PMC11320025/,https://pmc.ncbi.nlm.nih.gov/articles/instance/11320025/bin/crc-24-0113_supplementary_validation_data_s1_suppsd1.pdf,No Title,local-data,No ID,"Supplementary Validation Data S1 
         
           Supplementary Validation Data demonstrating the performance of the iMALDI-MS assay",Supplementary Validation Data demonstrating the performance of the iMALDI-MS assay,pdf
,,supplementary material,,crc-24-0113_supplementary_validation_data_s2_suppsd2.pdf,https://www.ncbi.nlm.nih.gov/pmc/articles/PMC11320025/,https://pmc.ncbi.nlm.nih.gov/articles/instance/11320025/bin/crc-24-0113_supplementary_validation_data_s2_suppsd2.pdf,No Title,local-data,No ID,"Supplementary Validation Data S2 
         
           Quality Assessment of the Global Proteomics Data",Quality Assessment of the Global Proteomics Data,pdf
,,supplementary material,,crc-24-0113_supplementary_figure_s1_suppsf1.pdf,https://www.ncbi.nlm.nih.gov/pmc/articles/PMC11320025/,https://pmc.ncbi.nlm.nih.gov/articles/instance/11320025/bin/crc-24-0113_supplementary_figure_s1_suppsf1.pdf,No Title,local-data,No ID,"Supplementary Figure S1 
         
           Individual protein concentrations measured by iMALDI-MS for each sample, comparison of measured PTEN concentration to IHC H-score","Individual protein concentrations measured by iMALDI-MS for each sample, comparison of measured PTEN concentration to IHC H-score",pdf
,,supplementary material,,crc-24-0113_supplementary_figure_s2_suppsf2.pdf,https://www.ncbi.nlm.nih.gov/pmc/articles/PMC11320025/,https://pmc.ncbi.nlm.nih.gov/articles/instance/11320025/bin/crc-24-0113_supplementary_figure_s2_suppsf2.pdf,No Title,local-data,No ID,"Supplementary Figure S2 
         
           Individual protein concentrations measured by iMALDI-MS for PTEN vs. IHC H-score",Individual protein concentrations measured by iMALDI-MS for PTEN vs. IHC H-score,pdf
,,supplementary material,,crc-24-0113_supplementary_figure_s3_suppsf3.pdf,https://www.ncbi.nlm.nih.gov/pmc/articles/PMC11320025/,https://pmc.ncbi.nlm.nih.gov/articles/instance/11320025/bin/crc-24-0113_supplementary_figure_s3_suppsf3.pdf,No Title,local-data,No ID,"Supplementary Figure S3 
         
           Comparison of iMALDI and Global Proteomics results for primary vs metastatic samples",Comparison of iMALDI and Global Proteomics results for primary vs metastatic samples,pdf
,,supplementary material,,crc-24-0113_supplementary_figure_s4_suppsf4.pdf,https://www.ncbi.nlm.nih.gov/pmc/articles/PMC11320025/,https://pmc.ncbi.nlm.nih.gov/articles/instance/11320025/bin/crc-24-0113_supplementary_figure_s4_suppsf4.pdf,No Title,local-data,No ID,"Supplementary Figure S4 
         
           Combination treatment of cell lines with capivasertib and an eIF2α inhibitor",Combination treatment of cell lines with capivasertib and an eIF2α inhibitor,pdf
,,supplementary material,,crc-24-0113_supplementary_table_s1_suppst1.pdf,https://www.ncbi.nlm.nih.gov/pmc/articles/PMC11320025/,https://pmc.ncbi.nlm.nih.gov/articles/instance/11320025/bin/crc-24-0113_supplementary_table_s1_suppst1.pdf,No Title,local-data,No ID,"Supplementary Table S1 
         
           Detailed results of the label-free quantitation",Detailed results of the label-free quantitation,pdf
,,supplementary material,,crc-24-0113_supplementary_table_s2_suppst2.pdf,https://www.ncbi.nlm.nih.gov/pmc/articles/PMC11320025/,https://pmc.ncbi.nlm.nih.gov/articles/instance/11320025/bin/crc-24-0113_supplementary_table_s2_suppst2.pdf,No Title,local-data,No ID,"Supplementary Table S2 
         
           Proteins expression differences between capivasertib-resistant vs. capivasertib-sensitive cells quantified by validated MRM-MS assays as compared to the profile observed in patient samples",Proteins expression differences between capivasertib-resistant vs. capivasertib-sensitive cells quantified by validated MRM-MS assays as compared to the profile observed in patient samples,pdf
,,supplementary material,,crc-24-0113_supplementary_table_s3_suppst3.pdf,https://www.ncbi.nlm.nih.gov/pmc/articles/PMC11320025/,https://pmc.ncbi.nlm.nih.gov/articles/instance/11320025/bin/crc-24-0113_supplementary_table_s3_suppst3.pdf,No Title,local-data,No ID,"Supplementary Table S3 
         
           Detailed results of pathway mapping by Qiagen IPA",Detailed results of pathway mapping by Qiagen IPA,pdf
PXD045268,https://www.ebi.ac.uk/pride/archive/projects/PXD045268,data_availability,https://www.ebi.ac.uk/pride/archive/projects/PXD045268,,https://www.ncbi.nlm.nih.gov/pmc/articles/PMC11066909/,,,,,,,
,,data_availability_elements,,https://pmc.ncbi.nlm.nih.gov/articles/PMC11066909/#CIT0028,https://www.ncbi.nlm.nih.gov/pmc/articles/PMC11066909/,https://pmc.ncbi.nlm.nih.gov/articles/instance/11066909/bin/https://pmc.ncbi.nlm.nih.gov/articles/PMC11066909/#CIT0028,,,,,,
,,supplementary_data_elements,,https://pmc.ncbi.nlm.nih.gov/articles/instance/11066909/bin/noad265_suppl_supplementary_figure_s1.jpeg,https://www.ncbi.nlm.nih.gov/pmc/articles/PMC11066909/,https://pmc.ncbi.nlm.nih.gov/articles/instance/11066909/bin/https://pmc.ncbi.nlm.nih.gov/articles/instance/11066909/bin/noad265_suppl_supplementary_figure_s1.jpeg,,,,,,jpeg
,,supplementary_data_elements,,https://pmc.ncbi.nlm.nih.gov/articles/instance/11066909/bin/noad265_suppl_supplementary_figure_s2.jpeg,https://www.ncbi.nlm.nih.gov/pmc/articles/PMC11066909/,https://pmc.ncbi.nlm.nih.gov/articles/instance/11066909/bin/https://pmc.ncbi.nlm.nih.gov/articles/instance/11066909/bin/noad265_suppl_supplementary_figure_s2.jpeg,,,,,,jpeg
,,supplementary_data_elements,,https://pmc.ncbi.nlm.nih.gov/articles/instance/11066909/bin/noad265_suppl_supplementary_figure_s3.jpeg,https://www.ncbi.nlm.nih.gov/pmc/articles/PMC11066909/,https://pmc.ncbi.nlm.nih.gov/articles/instance/11066909/bin/https://pmc.ncbi.nlm.nih.gov/articles/instance/11066909/bin/noad265_suppl_supplementary_figure_s3.jpeg,,,,,,jpeg
,,supplementary_data_elements,,https://pmc.ncbi.nlm.nih.gov/articles/instance/11066909/bin/noad265_suppl_supplementary_figure_s4.jpeg,https://www.ncbi.nlm.nih.gov/pmc/articles/PMC11066909/,https://pmc.ncbi.nlm.nih.gov/articles/instance/11066909/bin/https://pmc.ncbi.nlm.nih.gov/articles/instance/11066909/bin/noad265_suppl_supplementary_figure_s4.jpeg,,,,,,jpeg
,,supplementary_data_elements,,https://pmc.ncbi.nlm.nih.gov/articles/instance/11066909/bin/noad265_suppl_supplementary_figure_s5.jpeg,https://www.ncbi.nlm.nih.gov/pmc/articles/PMC11066909/,https://pmc.ncbi.nlm.nih.gov/articles/instance/11066909/bin/https://pmc.ncbi.nlm.nih.gov/articles/instance/11066909/bin/noad265_suppl_supplementary_figure_s5.jpeg,,,,,,jpeg
,,supplementary_data_elements,,https://pmc.ncbi.nlm.nih.gov/articles/instance/11066909/bin/noad265_suppl_supplementary_figure_s6.jpeg,https://www.ncbi.nlm.nih.gov/pmc/articles/PMC11066909/,https://pmc.ncbi.nlm.nih.gov/articles/instance/11066909/bin/https://pmc.ncbi.nlm.nih.gov/articles/instance/11066909/bin/noad265_suppl_supplementary_figure_s6.jpeg,,,,,,jpeg
,,supplementary_data_elements,,https://pmc.ncbi.nlm.nih.gov/articles/instance/11066909/bin/noad265_suppl_supplementary_figure_s7.jpeg,https://www.ncbi.nlm.nih.gov/pmc/articles/PMC11066909/,https://pmc.ncbi.nlm.nih.gov/articles/instance/11066909/bin/https://pmc.ncbi.nlm.nih.gov/articles/instance/11066909/bin/noad265_suppl_supplementary_figure_s7.jpeg,,,,,,jpeg
,,supplementary_data_elements,,https://pmc.ncbi.nlm.nih.gov/articles/instance/11066909/bin/noad265_suppl_supplementary_figure_s8.jpeg,https://www.ncbi.nlm.nih.gov/pmc/articles/PMC11066909/,https://pmc.ncbi.nlm.nih.gov/articles/instance/11066909/bin/https://pmc.ncbi.nlm.nih.gov/articles/instance/11066909/bin/noad265_suppl_supplementary_figure_s8.jpeg,,,,,,jpeg
,,supplementary_data_elements,,https://pmc.ncbi.nlm.nih.gov/articles/instance/11066909/bin/noad265_suppl_supplementary_table_s1.xlsx,https://www.ncbi.nlm.nih.gov/pmc/articles/PMC11066909/,https://pmc.ncbi.nlm.nih.gov/articles/instance/11066909/bin/https://pmc.ncbi.nlm.nih.gov/articles/instance/11066909/bin/noad265_suppl_supplementary_table_s1.xlsx,,,,,,xlsx
,,supplementary_data_elements,,https://pmc.ncbi.nlm.nih.gov/articles/instance/11066909/bin/noad265_suppl_supplementary_table_s2.xlsx,https://www.ncbi.nlm.nih.gov/pmc/articles/PMC11066909/,https://pmc.ncbi.nlm.nih.gov/articles/instance/11066909/bin/https://pmc.ncbi.nlm.nih.gov/articles/instance/11066909/bin/noad265_suppl_supplementary_table_s2.xlsx,,,,,,xlsx
,,supplementary_data_elements,,https://pmc.ncbi.nlm.nih.gov/articles/instance/11066909/bin/noad265_suppl_supplementary_table_s3.xlsx,https://www.ncbi.nlm.nih.gov/pmc/articles/PMC11066909/,https://pmc.ncbi.nlm.nih.gov/articles/instance/11066909/bin/https://pmc.ncbi.nlm.nih.gov/articles/instance/11066909/bin/noad265_suppl_supplementary_table_s3.xlsx,,,,,,xlsx
,,supplementary_data_elements,,https://pmc.ncbi.nlm.nih.gov/articles/instance/11066909/bin/noad265_suppl_supplementary_table_s4.xlsx,https://www.ncbi.nlm.nih.gov/pmc/articles/PMC11066909/,https://pmc.ncbi.nlm.nih.gov/articles/instance/11066909/bin/https://pmc.ncbi.nlm.nih.gov/articles/instance/11066909/bin/noad265_suppl_supplementary_table_s4.xlsx,,,,,,xlsx
,,supplementary_data_elements,,https://pmc.ncbi.nlm.nih.gov/articles/instance/11066909/bin/noad265_suppl_supplementary_table_s5.xlsx,https://www.ncbi.nlm.nih.gov/pmc/articles/PMC11066909/,https://pmc.ncbi.nlm.nih.gov/articles/instance/11066909/bin/https://pmc.ncbi.nlm.nih.gov/articles/instance/11066909/bin/noad265_suppl_supplementary_table_s5.xlsx,,,,,,xlsx
,,supplementary_data_elements,,https://pmc.ncbi.nlm.nih.gov/articles/instance/11066909/bin/noad265_suppl_supplementary_table_s6.xlsx,https://www.ncbi.nlm.nih.gov/pmc/articles/PMC11066909/,https://pmc.ncbi.nlm.nih.gov/articles/instance/11066909/bin/https://pmc.ncbi.nlm.nih.gov/articles/instance/11066909/bin/noad265_suppl_supplementary_table_s6.xlsx,,,,,,xlsx
,,supplementary_data_elements,,https://pmc.ncbi.nlm.nih.gov/articles/instance/11066909/bin/noad265_suppl_supplementary_table_s7.xlsx,https://www.ncbi.nlm.nih.gov/pmc/articles/PMC11066909/,https://pmc.ncbi.nlm.nih.gov/articles/instance/11066909/bin/https://pmc.ncbi.nlm.nih.gov/articles/instance/11066909/bin/noad265_suppl_supplementary_table_s7.xlsx,,,,,,xlsx
,,supplementary material,,noad265_suppl_supplementary_figure_s1.jpeg,https://www.ncbi.nlm.nih.gov/pmc/articles/PMC11066909/,https://pmc.ncbi.nlm.nih.gov/articles/instance/11066909/bin/noad265_suppl_supplementary_figure_s1.jpeg,No Title,local-data,sup1,noad265_suppl_Supplementary_Figure_S1,No description,jpeg
,,supplementary material,,noad265_suppl_supplementary_figure_s2.jpeg,https://www.ncbi.nlm.nih.gov/pmc/articles/PMC11066909/,https://pmc.ncbi.nlm.nih.gov/articles/instance/11066909/bin/noad265_suppl_supplementary_figure_s2.jpeg,No Title,local-data,sup2,noad265_suppl_Supplementary_Figure_S2,No description,jpeg
,,supplementary material,,noad265_suppl_supplementary_figure_s3.jpeg,https://www.ncbi.nlm.nih.gov/pmc/articles/PMC11066909/,https://pmc.ncbi.nlm.nih.gov/articles/instance/11066909/bin/noad265_suppl_supplementary_figure_s3.jpeg,No Title,local-data,sup3,noad265_suppl_Supplementary_Figure_S3,No description,jpeg
,,supplementary material,,noad265_suppl_supplementary_figure_s4.jpeg,https://www.ncbi.nlm.nih.gov/pmc/articles/PMC11066909/,https://pmc.ncbi.nlm.nih.gov/articles/instance/11066909/bin/noad265_suppl_supplementary_figure_s4.jpeg,No Title,local-data,sup4,noad265_suppl_Supplementary_Figure_S4,No description,jpeg
,,supplementary material,,noad265_suppl_supplementary_figure_s5.jpeg,https://www.ncbi.nlm.nih.gov/pmc/articles/PMC11066909/,https://pmc.ncbi.nlm.nih.gov/articles/instance/11066909/bin/noad265_suppl_supplementary_figure_s5.jpeg,No Title,local-data,sup5,noad265_suppl_Supplementary_Figure_S5,No description,jpeg
,,supplementary material,,noad265_suppl_supplementary_figure_s6.jpeg,https://www.ncbi.nlm.nih.gov/pmc/articles/PMC11066909/,https://pmc.ncbi.nlm.nih.gov/articles/instance/11066909/bin/noad265_suppl_supplementary_figure_s6.jpeg,No Title,local-data,sup6,noad265_suppl_Supplementary_Figure_S6,No description,jpeg
,,supplementary material,,noad265_suppl_supplementary_figure_s7.jpeg,https://www.ncbi.nlm.nih.gov/pmc/articles/PMC11066909/,https://pmc.ncbi.nlm.nih.gov/articles/instance/11066909/bin/noad265_suppl_supplementary_figure_s7.jpeg,No Title,local-data,sup7,noad265_suppl_Supplementary_Figure_S7,No description,jpeg
,,supplementary material,,noad265_suppl_supplementary_figure_s8.jpeg,https://www.ncbi.nlm.nih.gov/pmc/articles/PMC11066909/,https://pmc.ncbi.nlm.nih.gov/articles/instance/11066909/bin/noad265_suppl_supplementary_figure_s8.jpeg,No Title,local-data,sup8,noad265_suppl_Supplementary_Figure_S8,No description,jpeg
,,supplementary material,,noad265_suppl_supplementary_table_s1.xlsx,https://www.ncbi.nlm.nih.gov/pmc/articles/PMC11066909/,https://pmc.ncbi.nlm.nih.gov/articles/instance/11066909/bin/noad265_suppl_supplementary_table_s1.xlsx,No Title,local-data,sup9,noad265_suppl_Supplementary_Table_S1,No description,xlsx
,,supplementary material,,noad265_suppl_supplementary_table_s2.xlsx,https://www.ncbi.nlm.nih.gov/pmc/articles/PMC11066909/,https://pmc.ncbi.nlm.nih.gov/articles/instance/11066909/bin/noad265_suppl_supplementary_table_s2.xlsx,No Title,local-data,sup10,noad265_suppl_Supplementary_Table_S2,No description,xlsx
,,supplementary material,,noad265_suppl_supplementary_table_s3.xlsx,https://www.ncbi.nlm.nih.gov/pmc/articles/PMC11066909/,https://pmc.ncbi.nlm.nih.gov/articles/instance/11066909/bin/noad265_suppl_supplementary_table_s3.xlsx,No Title,local-data,sup11,noad265_suppl_Supplementary_Table_S3,No description,xlsx
,,supplementary material,,noad265_suppl_supplementary_table_s4.xlsx,https://www.ncbi.nlm.nih.gov/pmc/articles/PMC11066909/,https://pmc.ncbi.nlm.nih.gov/articles/instance/11066909/bin/noad265_suppl_supplementary_table_s4.xlsx,No Title,local-data,sup12,noad265_suppl_Supplementary_Table_S4,No description,xlsx
,,supplementary material,,noad265_suppl_supplementary_table_s5.xlsx,https://www.ncbi.nlm.nih.gov/pmc/articles/PMC11066909/,https://pmc.ncbi.nlm.nih.gov/articles/instance/11066909/bin/noad265_suppl_supplementary_table_s5.xlsx,No Title,local-data,sup13,noad265_suppl_Supplementary_Table_S5,No description,xlsx
,,supplementary material,,noad265_suppl_supplementary_table_s6.xlsx,https://www.ncbi.nlm.nih.gov/pmc/articles/PMC11066909/,https://pmc.ncbi.nlm.nih.gov/articles/instance/11066909/bin/noad265_suppl_supplementary_table_s6.xlsx,No Title,local-data,sup14,noad265_suppl_Supplementary_Table_S6,No description,xlsx
,,supplementary material,,noad265_suppl_supplementary_table_s7.xlsx,https://www.ncbi.nlm.nih.gov/pmc/articles/PMC11066909/,https://pmc.ncbi.nlm.nih.gov/articles/instance/11066909/bin/noad265_suppl_supplementary_table_s7.xlsx,No Title,local-data,sup15,noad265_suppl_Supplementary_Table_S7,No description,xlsx
JPST002506,https://proteomecentral.proteomexchange.org/cgi/GetDataset?ID=PXD049309,data_availability,https://proteomecentral.proteomexchange.org/cgi/GetDataset?ID=JPST002506,,https://www.ncbi.nlm.nih.gov/pmc/articles/PMC11352417/,,,,,,,
,,data_availability_elements,,https://pmc.ncbi.nlm.nih.gov/articles/PMC11352417/#app1-biomolecules-14-00969,https://www.ncbi.nlm.nih.gov/pmc/articles/PMC11352417/,https://pmc.ncbi.nlm.nih.gov/articles/instance/11352417/bin/https://pmc.ncbi.nlm.nih.gov/articles/PMC11352417/#app1-biomolecules-14-00969,,,,,,
,,data_availability_elements,,https://proteomecentral.proteomexchange.org/cgi/GetDataset?ID=PXD049309,https://www.ncbi.nlm.nih.gov/pmc/articles/PMC11352417/,https://pmc.ncbi.nlm.nih.gov/articles/instance/11352417/bin/https://proteomecentral.proteomexchange.org/cgi/GetDataset?ID=PXD049309,,,,,,
PXD049309,https://proteomecentral.proteomexchange.org/cgi/GetDataset?ID=PXD049309,,https://proteomecentral.proteomexchange.org/cgi/GetDataset?ID=PXD049309,,https://www.ncbi.nlm.nih.gov/pmc/articles/PMC11352417/,,,,,,,
,,supplementary_data_elements,,https://www.mdpi.com/article/10.3390/biom14080969/s1,https://www.ncbi.nlm.nih.gov/pmc/articles/PMC11352417/,https://pmc.ncbi.nlm.nih.gov/articles/instance/11352417/bin/https://www.mdpi.com/article/10.3390/biom14080969/s1,,,,,,
,,supplementary_data_elements,,https://pmc.ncbi.nlm.nih.gov/articles/instance/11352417/bin/biomolecules-14-00969-s001.zip,https://www.ncbi.nlm.nih.gov/pmc/articles/PMC11352417/,https://pmc.ncbi.nlm.nih.gov/articles/instance/11352417/bin/https://pmc.ncbi.nlm.nih.gov/articles/instance/11352417/bin/biomolecules-14-00969-s001.zip,,,,,,zip
,,supplementary material,,biomolecules-14-00969-s001.zip,https://www.ncbi.nlm.nih.gov/pmc/articles/PMC11352417/,https://pmc.ncbi.nlm.nih.gov/articles/instance/11352417/bin/biomolecules-14-00969-s001.zip,No Title,local-data,biomolecules-14-00969-s001,,No description,zip
PXD047284,https://www.proteomexchange.org,data_availability,na,,https://www.ncbi.nlm.nih.gov/pmc/articles/PMC10855131/,,,,,,,
,,data_availability_elements,,https://www.proteomexchange.org/,https://www.ncbi.nlm.nih.gov/pmc/articles/PMC10855131/,https://pmc.ncbi.nlm.nih.gov/articles/instance/10855131/bin/https://www.proteomexchange.org/,,,,,,
PXD042233,http://proteomecentral.proteomexchange.org/cgi/GetDataset?ID=PXD042233,data_availability,https://proteomecentral.proteomexchange.org/cgi/GetDataset?ID=PXD042233,,https://www.ncbi.nlm.nih.gov/pmc/articles/PMC11208500/,,,,,,,
,,supplementary material,,41467_2024_48711_MOESM1_ESM.pdf,https://www.ncbi.nlm.nih.gov/pmc/articles/PMC11208500/,https://pmc.ncbi.nlm.nih.gov/articles/instance/11208500/bin/41467_2024_48711_MOESM1_ESM.pdf,No Title,local-data,MOESM1,Supplementary Information,Supplementary Information,pdf
,,supplementary material,,41467_2024_48711_MOESM2_ESM.pdf,https://www.ncbi.nlm.nih.gov/pmc/articles/PMC11208500/,https://pmc.ncbi.nlm.nih.gov/articles/instance/11208500/bin/41467_2024_48711_MOESM2_ESM.pdf,No Title,local-data,MOESM2,Reporting Summary,Reporting Summary,pdf
,,supplementary material,,41467_2024_48711_MOESM3_ESM.pdf,https://www.ncbi.nlm.nih.gov/pmc/articles/PMC11208500/,https://pmc.ncbi.nlm.nih.gov/articles/instance/11208500/bin/41467_2024_48711_MOESM3_ESM.pdf,No Title,local-data,MOESM3,Peer Review File,Peer Review File,pdf
,,supplementary material,,41467_2024_48711_MOESM4_ESM.xlsx,https://www.ncbi.nlm.nih.gov/pmc/articles/PMC11208500/,https://pmc.ncbi.nlm.nih.gov/articles/instance/11208500/bin/41467_2024_48711_MOESM4_ESM.xlsx,No Title,local-data,MOESM4,Supplementary Data 1,Supplementary Data 1,xlsx
,,supplementary material,,41467_2024_48711_MOESM5_ESM.xlsx,https://www.ncbi.nlm.nih.gov/pmc/articles/PMC11208500/,https://pmc.ncbi.nlm.nih.gov/articles/instance/11208500/bin/41467_2024_48711_MOESM5_ESM.xlsx,No Title,local-data,MOESM5,Supplementary Data 2,Supplementary Data 2,xlsx
,,supplementary material,,41467_2024_48711_MOESM6_ESM.xlsx,https://www.ncbi.nlm.nih.gov/pmc/articles/PMC11208500/,https://pmc.ncbi.nlm.nih.gov/articles/instance/11208500/bin/41467_2024_48711_MOESM6_ESM.xlsx,No Title,local-data,MOESM6,Supplementary Data 3,Supplementary Data 3,xlsx
,,supplementary material,,41467_2024_48711_MOESM7_ESM.xlsx,https://www.ncbi.nlm.nih.gov/pmc/articles/PMC11208500/,https://pmc.ncbi.nlm.nih.gov/articles/instance/11208500/bin/41467_2024_48711_MOESM7_ESM.xlsx,No Title,local-data,MOESM7,Supplementary Data 4,Supplementary Data 4,xlsx
,,supplementary material,,41467_2024_48711_MOESM8_ESM.xlsx,https://www.ncbi.nlm.nih.gov/pmc/articles/PMC11208500/,https://pmc.ncbi.nlm.nih.gov/articles/instance/11208500/bin/41467_2024_48711_MOESM8_ESM.xlsx,No Title,local-data,MOESM8,Supplementary Data 5,Supplementary Data 5,xlsx
,,supplementary material,,41467_2024_48711_MOESM9_ESM.xlsx,https://www.ncbi.nlm.nih.gov/pmc/articles/PMC11208500/,https://pmc.ncbi.nlm.nih.gov/articles/instance/11208500/bin/41467_2024_48711_MOESM9_ESM.xlsx,No Title,local-data,MOESM9,Supplementary Data 6,Supplementary Data 6,xlsx
,,supplementary material,,41467_2024_48711_MOESM10_ESM.xlsx,https://www.ncbi.nlm.nih.gov/pmc/articles/PMC11208500/,https://pmc.ncbi.nlm.nih.gov/articles/instance/11208500/bin/41467_2024_48711_MOESM10_ESM.xlsx,No Title,local-data,MOESM10,Supplementary Data 7,Supplementary Data 7,xlsx
,,supplementary material,,41467_2024_48711_MOESM11_ESM.xlsx,https://www.ncbi.nlm.nih.gov/pmc/articles/PMC11208500/,https://pmc.ncbi.nlm.nih.gov/articles/instance/11208500/bin/41467_2024_48711_MOESM11_ESM.xlsx,No Title,local-data,MOESM11,Supplementary Data 8,Supplementary Data 8,xlsx
,,supplementary material,,41467_2024_48711_MOESM12_ESM.xlsx,https://www.ncbi.nlm.nih.gov/pmc/articles/PMC11208500/,https://pmc.ncbi.nlm.nih.gov/articles/instance/11208500/bin/41467_2024_48711_MOESM12_ESM.xlsx,No Title,local-data,MOESM12,Supplementary Data 9,Supplementary Data 9,xlsx
,,supplementary material,,41467_2024_48711_MOESM13_ESM.xlsx,https://www.ncbi.nlm.nih.gov/pmc/articles/PMC11208500/,https://pmc.ncbi.nlm.nih.gov/articles/instance/11208500/bin/41467_2024_48711_MOESM13_ESM.xlsx,No Title,local-data,MOESM13,Supplementary Data 10,Supplementary Data 10,xlsx
,,supplementary material,,41467_2024_48711_MOESM14_ESM.xlsx,https://www.ncbi.nlm.nih.gov/pmc/articles/PMC11208500/,https://pmc.ncbi.nlm.nih.gov/articles/instance/11208500/bin/41467_2024_48711_MOESM14_ESM.xlsx,No Title,local-data,MOESM14,Supplementary Data 11,Supplementary Data 11,xlsx
,,supplementary material,,41467_2024_48711_MOESM15_ESM.xlsx,https://www.ncbi.nlm.nih.gov/pmc/articles/PMC11208500/,https://pmc.ncbi.nlm.nih.gov/articles/instance/11208500/bin/41467_2024_48711_MOESM15_ESM.xlsx,No Title,local-data,MOESM15,Supplementary Data 12,Supplementary Data 12,xlsx
,,supplementary material,,41467_2024_48711_MOESM16_ESM.xlsx,https://www.ncbi.nlm.nih.gov/pmc/articles/PMC11208500/,https://pmc.ncbi.nlm.nih.gov/articles/instance/11208500/bin/41467_2024_48711_MOESM16_ESM.xlsx,No Title,local-data,MOESM16,Supplementary Data 13,Supplementary Data 13,xlsx
,,supplementary material,,41467_2024_48711_MOESM17_ESM.xlsx,https://www.ncbi.nlm.nih.gov/pmc/articles/PMC11208500/,https://pmc.ncbi.nlm.nih.gov/articles/instance/11208500/bin/41467_2024_48711_MOESM17_ESM.xlsx,No Title,local-data,MOESM17,Supplementary Data 14,Supplementary Data 14,xlsx
,,supplementary material,,41467_2024_48711_MOESM18_ESM.xlsx,https://www.ncbi.nlm.nih.gov/pmc/articles/PMC11208500/,https://pmc.ncbi.nlm.nih.gov/articles/instance/11208500/bin/41467_2024_48711_MOESM18_ESM.xlsx,No Title,local-data,MOESM18,Source Data,Source Data,xlsx
IPX0004230000,http://www.iprox.org,data_availability,na,,https://www.ncbi.nlm.nih.gov/pmc/articles/PMC11423856/,,,,,,,
,,supplementary_data_elements,,https://pmc.ncbi.nlm.nih.gov/articles/instance/11423856/bin/qzae033_supplementary_data.zip,https://www.ncbi.nlm.nih.gov/pmc/articles/PMC11423856/,https://pmc.ncbi.nlm.nih.gov/articles/instance/11423856/bin/https://pmc.ncbi.nlm.nih.gov/articles/instance/11423856/bin/qzae033_supplementary_data.zip,,,,,,zip
,,supplementary material,,qzae033_supplementary_data.zip,https://www.ncbi.nlm.nih.gov/pmc/articles/PMC11423856/,https://pmc.ncbi.nlm.nih.gov/articles/instance/11423856/bin/qzae033_supplementary_data.zip,No Title,local-data,sup1,qzae033_Supplementary_Data,No description,zip
MSV000092248,http://proteomecentral.proteomexchange.org,data_availability,na,,https://www.ncbi.nlm.nih.gov/pmc/articles/PMC11062922/,,,,,,,
7ZWE,https://doi.org/10.2210/pdb7ZWE/pdb,data_availability,na,,https://www.ncbi.nlm.nih.gov/pmc/articles/PMC11062922/,,,,,,,
7A4Q,https://doi.org/10.2210/pdb7A4Q/pdb,data_availability,na,,https://www.ncbi.nlm.nih.gov/pmc/articles/PMC11062922/,,,,,,,
7ZWG,https://doi.org/10.2210/pdb7ZWG/pdb,data_availability,na,,https://www.ncbi.nlm.nih.gov/pmc/articles/PMC11062922/,,,,,,,
,,supplementary material,,41589_2023_1459_MOESM1_ESM.pdf,https://www.ncbi.nlm.nih.gov/pmc/articles/PMC11062922/,https://pmc.ncbi.nlm.nih.gov/articles/instance/11062922/bin/41589_2023_1459_MOESM1_ESM.pdf,No Title,local-data,MOESM1,Reporting Summary,Reporting Summary,pdf
,,supplementary material,,41589_2023_1459_MOESM2_ESM.xlsx,https://www.ncbi.nlm.nih.gov/pmc/articles/PMC11062922/,https://pmc.ncbi.nlm.nih.gov/articles/instance/11062922/bin/41589_2023_1459_MOESM2_ESM.xlsx,No Title,local-data,MOESM2,Supplementary Table 1 Compound annotation.,Compound annotation.,xlsx
,,supplementary material,,41589_2023_1459_MOESM3_ESM.xlsx,https://www.ncbi.nlm.nih.gov/pmc/articles/PMC11062922/,https://pmc.ncbi.nlm.nih.gov/articles/instance/11062922/bin/41589_2023_1459_MOESM3_ESM.xlsx,No Title,local-data,MOESM3,Supplementary Table 2 Drug matrix of target affinity values.,Drug matrix of target affinity values.,xlsx
,,supplementary material,,41589_2023_1459_MOESM4_ESM.xlsx,https://www.ncbi.nlm.nih.gov/pmc/articles/PMC11062922/,https://pmc.ncbi.nlm.nih.gov/articles/instance/11062922/bin/41589_2023_1459_MOESM4_ESM.xlsx,No Title,local-data,MOESM4,Supplementary Table 3 Selectivities of tool compounds.,Selectivities of tool compounds.,xlsx
,,supplementary material,,41589_2023_1459_MOESM5_ESM.xlsx,https://www.ncbi.nlm.nih.gov/pmc/articles/PMC11062922/,https://pmc.ncbi.nlm.nih.gov/articles/instance/11062922/bin/41589_2023_1459_MOESM5_ESM.xlsx,No Title,local-data,MOESM5,Supplementary Table 4 Results related to CK2 follow-up experiments.,Results related to CK2 follow-up experiments.,xlsx
,,supplementary material,,41589_2023_1459_MOESM6_ESM.xlsx,https://www.ncbi.nlm.nih.gov/pmc/articles/PMC11062922/,https://pmc.ncbi.nlm.nih.gov/articles/instance/11062922/bin/41589_2023_1459_MOESM6_ESM.xlsx,No Title,local-data,MOESM6,Supplementary Table 5 Results related to PKN3 follow-up experiments.,Results related to PKN3 follow-up experiments.,xlsx
,,supplementary material,,41589_2023_1459_MOESM7_ESM.pdf,https://www.ncbi.nlm.nih.gov/pmc/articles/PMC11062922/,https://pmc.ncbi.nlm.nih.gov/articles/instance/11062922/bin/41589_2023_1459_MOESM7_ESM.pdf,No Title,local-data,MOESM7,Source Data Fig. 3 Unprocessed western blots.,Unprocessed western blots.,pdf
,,supplementary material,,41589_2023_1459_MOESM8_ESM.pdf,https://www.ncbi.nlm.nih.gov/pmc/articles/PMC11062922/,https://pmc.ncbi.nlm.nih.gov/articles/instance/11062922/bin/41589_2023_1459_MOESM8_ESM.pdf,No Title,local-data,MOESM8,Source Data Extended Data Fig. 4 Unprocessed western blots.,Unprocessed western blots.,pdf
